source;period_start;period_end;nm_id;nm_title;open_count;cart_count;order_count;order_sum;buyout_count;buyout_sum;raw_json
sales_funnel_products;2026-03-20;2026-04-04;730886987;Костюм-двойка удлиненный жакет и прямые брюки для офиса;7860;288;32;382868.0;4;47731.0;"{""product"": {""brandName"": ""Uni ty"", ""feedbackRating"": 3.9, ""nmId"": 730886987, ""productRating"": 10, ""stocks"": {""balanceSum"": 501072, ""mp"": 0, ""wb"": 42}, ""subjectId"": 177, ""subjectName"": ""Костюмы"", ""tags"": [], ""title"": ""Костюм-двойка удлиненный жакет и прямые брюки для офиса"", ""vendorCode"": ""Ю 1180 хаки""}, ""statistic"": {""comparison"": {""addToWishlistDynamic"": -56, ""avgOrdersCountPerDayDynamic"": -49, ""avgPriceDynamic"": 3, ""buyoutCountDynamic"": -20, ""buyoutSumDynamic"": -17, ""cancelCountDynamic"": -70, ""cancelSumDynamic"": -69, ""cartCountDynamic"": -45, ""conversions"": {""addToCartPercent"": 0, ""buyoutPercent"": 138, ""cartToOrderPercent"": -8}, ""localizationPercentDynamic"": 44, ""openCountDynamic"": -47, ""orderCountDynamic"": -49, ""orderSumDynamic"": -48, ""shareOrderPercentDynamic"": 13, ""timeToReadyDynamic"": {""days"": 0, ""hours"": -7, ""mins"": 0}, ""wbClubDynamic"": {""avgOrderCountPerDay"": 0, ""avgPrice"": 0, ""buyoutCount"": 0, ""buyoutPercent"": 0, ""buyoutSum"": 0, ""cancelCount"": 0, ""cancelSum"": 0, ""orderCount"": 0, ""orderSum"": 0}}, ""past"": {""addToWishlist"": 312, ""avgOrdersCountPerDay"": 3.9, ""avgPrice"": 11631, ""buyoutCount"": 5, ""buyoutSum"": 57629, ""cancelCount"": 56, ""cancelSum"": 652647, ""cartCount"": 526, ""conversions"": {""addToCartPercent"": 4, ""buyoutPercent"": 8, ""cartToOrderPercent"": 12}, ""localizationPercent"": 41, ""openCount"": 14888, ""orderCount"": 63, ""orderSum"": 732731, ""period"": {""end"": ""2026-03-19"", ""start"": ""2026-03-04""}, ""shareOrderPercent"": 11.4, ""timeToReady"": {""days"": 2, ""hours"": 7, ""mins"": 0}, ""wbClub"": {""avgOrderCountPerDay"": 0, ""avgPrice"": 0, ""buyoutCount"": 0, ""buyoutPercent"": 0, ""buyoutSum"": 0, ""cancelCount"": 0, ""cancelSum"": 0, ""orderCount"": 0, ""orderSum"": 0}}, ""selected"": {""addToWishlist"": 137, ""avgOrdersCountPerDay"": 2, ""avgPrice"": 11965, ""buyoutCount"": 4, ""buyoutSum"": 47731, ""cancelCount"": 17, ""cancelSum"": 204330, ""cartCount"": 288, ""conversions"": {""addToCartPercent"": 4, ""buyoutPercent"": 19, ""cartToOrderPercent"": 11}, ""localizationPercent"": 59, ""openCount"": 7860, ""orderCount"": 32, ""orderSum"": 382868, ""period"": {""end"": ""2026-04-04"", ""start"": ""2026-03-20""}, ""shareOrderPercent"": 12.9, ""timeToReady"": {""days"": 2, ""hours"": 0, ""mins"": 0}, ""wbClub"": {""avgOrderCountPerDay"": 0, ""avgPrice"": 0, ""buyoutCount"": 0, ""buyoutPercent"": 0, ""buyoutSum"": 0, ""cancelCount"": 0, ""cancelSum"": 0, ""orderCount"": 0, ""orderSum"": 0}}}}"
sales_funnel_products;2026-03-20;2026-04-04;552233223;Костюм-двойка жакет с запахом и брюки для офиса;5977;205;13;123032.0;2;18824.0;"{""product"": {""brandName"": ""Avemod"", ""feedbackRating"": 4.7, ""nmId"": 552233223, ""productRating"": 10, ""stocks"": {""balanceSum"": 7107920, ""mp"": 0, ""wb"": 767}, ""subjectId"": 177, ""subjectName"": ""Костюмы"", ""tags"": [], ""title"": ""Костюм-двойка жакет с запахом и брюки для офиса"", ""vendorCode"": ""Ю 3718 черный lite""}, ""statistic"": {""comparison"": {""addToWishlistDynamic"": 4, ""avgOrdersCountPerDayDynamic"": -69, ""avgPriceDynamic"": 11, ""buyoutCountDynamic"": -67, ""buyoutSumDynamic"": -62, ""cancelCountDynamic"": -80, ""cancelSumDynamic"": -78, ""cartCountDynamic"": -22, ""conversions"": {""addToCartPercent"": -40, ""buyoutPercent"": 47, ""cartToOrderPercent"": -63}, ""localizationPercentDynamic"": 2, ""openCountDynamic"": 16, ""orderCountDynamic"": -68, ""orderSumDynamic"": -65, ""shareOrderPercentDynamic"": -24, ""timeToReadyDynamic"": {""days"": 0, ""hours"": -20, ""mins"": 0}, ""wbClubDynamic"": {""avgOrderCountPerDay"": 0, ""avgPrice"": 0, ""buyoutCount"": 0, ""buyoutPercent"": 0, ""buyoutSum"": 0, ""cancelCount"": 0, ""cancelSum"": 0, ""orderCount"": 0, ""orderSum"": 0}}, ""past"": {""addToWishlist"": 137, ""avgOrdersCountPerDay"": 2.6, ""avgPrice"": 8534, ""buyoutCount"": 6, ""buyoutSum"": 49260, ""cancelCount"": 30, ""cancelSum"": 256573, ""cartCount"": 262, ""conversions"": {""addToCartPercent"": 5, ""buyoutPercent"": 17, ""cartToOrderPercent"": 16}, ""localizationPercent"": 76, ""openCount"": 5160, ""orderCount"": 41, ""orderSum"": 349899, ""period"": {""end"": ""2026-03-19"", ""start"": ""2026-03-04""}, ""shareOrderPercent"": 5.4, ""timeToReady"": {""days"": 1, ""hours"": 20, ""mins"": 0}, ""wbClub"": {""avgOrderCountPerDay"": 0, ""avgPrice"": 0, ""buyoutCount"": 0, ""buyoutPercent"": 0, ""buyoutSum"": 0, ""cancelCount"": 0, ""cancelSum"": 0, ""orderCount"": 0, ""orderSum"": 0}}, ""selected"": {""addToWishlist"": 142, ""avgOrdersCountPerDay"": 0.8, ""avgPrice"": 9464, ""buyoutCount"": 2, ""buyoutSum"": 18824, ""cancelCount"": 6, ""cancelSum"": 57037, ""cartCount"": 205, ""conversions"": {""addToCartPercent"": 3, ""buyoutPercent"": 25, ""cartToOrderPercent"": 6}, ""localizationPercent"": 77, ""openCount"": 5977, ""orderCount"": 13, ""orderSum"": 123032, ""period"": {""end"": ""2026-04-04"", ""start"": ""2026-03-20""}, ""shareOrderPercent"": 4.1, ""timeToReady"": {""days"": 1, ""hours"": 1, ""mins"": 0}, ""wbClub"": {""avgOrderCountPerDay"": 0, ""avgPrice"": 0, ""buyoutCount"": 0, ""buyoutPercent"": 0, ""buyoutSum"": 0, ""cancelCount"": 0, ""cancelSum"": 0, ""orderCount"": 0, ""orderSum"": 0}}}}"
sales_funnel_products;2026-03-20;2026-04-04;730886978;Костюм-двойка удлиненный жакет и прямые брюки для офиса;3944;140;17;204074.0;1;12107.0;"{""product"": {""brandName"": ""Uni ty"", ""feedbackRating"": 4.6, ""nmId"": 730886978, ""productRating"": 8, ""stocks"": {""balanceSum"": 560724, ""mp"": 0, ""wb"": 47}, ""subjectId"": 177, ""subjectName"": ""Костюмы"", ""tags"": [], ""title"": ""Костюм-двойка удлиненный жакет и прямые брюки для офиса"", ""vendorCode"": ""Ю 1180 капучино""}, ""statistic"": {""comparison"": {""addToWishlistDynamic"": -56, ""avgOrdersCountPerDayDynamic"": -42, ""avgPriceDynamic"": 7, ""buyoutCountDynamic"": -75, ""buyoutSumDynamic"": -73, ""cancelCountDynamic"": -65, ""cancelSumDynamic"": -62, ""cartCountDynamic"": -56, ""conversions"": {""addToCartPercent"": 33, ""buyoutPercent"": -27, ""cartToOrderPercent"": 20}, ""localizationPercentDynamic"": -2, ""openCountDynamic"": -62, ""orderCountDynamic"": -45, ""orderSumDynamic"": -41, ""shareOrderPercentDynamic"": 28, ""timeToReadyDynamic"": {""days"": 0, ""hours"": -20, ""mins"": 0}, ""wbClubDynamic"": {""avgOrderCountPerDay"": 0, ""avgPrice"": 0, ""buyoutCount"": 0, ""buyoutPercent"": 0, ""buyoutSum"": 0, ""cancelCount"": 0, ""cancelSum"": 0, ""orderCount"": 0, ""orderSum"": 0}}, ""past"": {""addToWishlist"": 144, ""avgOrdersCountPerDay"": 1.9, ""avgPrice"": 11169, ""buyoutCount"": 4, ""buyoutSum"": 45090, ""cancelCount"": 23, ""cancelSum"": 255838, ""cartCount"": 317, ""conversions"": {""addToCartPercent"": 3, ""buyoutPercent"": 15, ""cartToOrderPercent"": 10}, ""localizationPercent"": 42, ""openCount"": 10437, ""orderCount"": 31, ""orderSum"": 346235, ""period"": {""end"": ""2026-03-19"", ""start"": ""2026-03-04""}, ""shareOrderPercent"": 5.4, ""timeToReady"": {""days"": 2, ""hours"": 4, ""mins"": 0}, ""wbClub"": {""avgOrderCountPerDay"": 0, ""avgPrice"": 0, ""buyoutCount"": 0, ""buyoutPercent"": 0, ""buyoutSum"": 0, ""cancelCount"": 0, ""cancelSum"": 0, ""orderCount"": 0, ""orderSum"": 0}}, ""selected"": {""addToWishlist"": 63, ""avgOrdersCountPerDay"": 1.1, ""avgPrice"": 12004, ""buyoutCount"": 1, ""buyoutSum"": 12107, ""cancelCount"": 8, ""cancelSum"": 96624, ""cartCount"": 140, ""conversions"": {""addToCartPercent"": 4, ""buyoutPercent"": 11, ""cartToOrderPercent"": 12}, ""localizationPercent"": 41, ""openCount"": 3944, ""orderCount"": 17, ""orderSum"": 204074, ""period"": {""end"": ""2026-04-04"", ""start"": ""2026-03-20""}, ""shareOrderPercent"": 6.9, ""timeToReady"": {""days"": 1, ""hours"": 8, ""mins"": 0}, ""wbClub"": {""avgOrderCountPerDay"": 0, ""avgPrice"": 0, ""buyoutCount"": 0, ""buyoutPercent"": 0, ""buyoutSum"": 0, ""cancelCount"": 0, ""cancelSum"": 0, ""orderCount"": 0, ""orderSum"": 0}}}}"
sales_funnel_products;2026-03-20;2026-04-04;730886975;Костюм-двойка удлиненный жакет и прямые брюки для офиса;3640;139;23;276114.0;1;12071.0;"{""product"": {""brandName"": ""Uni ty"", ""feedbackRating"": 4.3, ""nmId"": 730886975, ""productRating"": 10, ""stocks"": {""balanceSum"": 703887, ""mp"": 0, ""wb"": 59}, ""subjectId"": 177, ""subjectName"": ""Костюмы"", ""tags"": [], ""title"": ""Костюм-двойка удлиненный жакет и прямые брюки для офиса"", ""vendorCode"": ""Ю 1180 кэмел""}, ""statistic"": {""comparison"": {""addToWishlistDynamic"": -60, ""avgOrdersCountPerDayDynamic"": -50, ""avgPriceDynamic"": 6, ""buyoutCountDynamic"": -86, ""buyoutSumDynamic"": -84, ""cancelCountDynamic"": -56, ""cancelSumDynamic"": -53, ""cartCountDynamic"": -58, ""conversions"": {""addToCartPercent"": 0, ""buyoutPercent"": -63, ""cartToOrderPercent"": 31}, ""localizationPercentDynamic"": 38, ""openCountDynamic"": -51, ""orderCountDynamic"": -48, ""orderSumDynamic"": -45, ""shareOrderPercentDynamic"": 19, ""timeToReadyDynamic"": {""days"": 0, ""hours"": -21, ""mins"": 0}, ""wbClubDynamic"": {""avgOrderCountPerDay"": 0, ""avgPrice"": 0, ""buyoutCount"": 0, ""buyoutPercent"": 0, ""buyoutSum"": 0, ""cancelCount"": 0, ""cancelSum"": 0, ""orderCount"": 0, ""orderSum"": 0}}, ""past"": {""addToWishlist"": 148, ""avgOrdersCountPerDay"": 2.8, ""avgPrice"": 11367, ""buyoutCount"": 7, ""buyoutSum"": 75919, ""cancelCount"": 36, ""cancelSum"": 412167, ""cartCount"": 331, ""conversions"": {""addToCartPercent"": 4, ""buyoutPercent"": 16, ""cartToOrderPercent"": 13}, ""localizationPercent"": 41, ""openCount"": 7467, ""orderCount"": 44, ""orderSum"": 500155, ""period"": {""end"": ""2026-03-19"", ""start"": ""2026-03-04""}, ""shareOrderPercent"": 7.8, ""timeToReady"": {""days"": 2, ""hours"": 8, ""mins"": 0}, ""wbClub"": {""avgOrderCountPerDay"": 0, ""avgPrice"": 0, ""buyoutCount"": 0, ""buyoutPercent"": 0, ""buyoutSum"": 0, ""cancelCount"": 0, ""cancelSum"": 0, ""orderCount"": 0, ""orderSum"": 0}}, ""selected"": {""addToWishlist"": 59, ""avgOrdersCountPerDay"": 1.4, ""avgPrice"": 12005, ""buyoutCount"": 1, ""buyoutSum"": 12071, ""cancelCount"": 16, ""cancelSum"": 192640, ""cartCount"": 139, ""conversions"": {""addToCartPercent"": 4, ""buyoutPercent"": 6, ""cartToOrderPercent"": 17}, ""localizationPercent"": 57, ""openCount"": 3640, ""orderCount"": 23, ""orderSum"": 276114, ""period"": {""end"": ""2026-04-04"", ""start"": ""2026-03-20""}, ""shareOrderPercent"": 9.3, ""timeToReady"": {""days"": 1, ""hours"": 11, ""mins"": 0}, ""wbClub"": {""avgOrderCountPerDay"": 0, ""avgPrice"": 0, ""buyoutCount"": 0, ""buyoutPercent"": 0, ""buyoutSum"": 0, ""cancelCount"": 0, ""cancelSum"": 0, ""orderCount"": 0, ""orderSum"": 0}}}}"
sales_funnel_products;2026-03-20;2026-04-04;609675234;Костюм-двойка удлиненный жакет и юбка мини для офиса;3310;87;11;128676.0;1;11789.0;"{""product"": {""brandName"": ""Avemod"", ""feedbackRating"": 4.9, ""nmId"": 609675234, ""productRating"": 10, ""stocks"": {""balanceSum"": 423607, ""mp"": 0, ""wb"": 36}, ""subjectId"": 177, ""subjectName"": ""Костюмы"", ""tags"": [], ""title"": ""Костюм-двойка удлиненный жакет и юбка мини для офиса"", ""vendorCode"": ""Ю 1128 шоколадный""}, ""statistic"": {""comparison"": {""addToWishlistDynamic"": -40, ""avgOrdersCountPerDayDynamic"": -65, ""avgPriceDynamic"": 3, ""buyoutCountDynamic"": -75, ""buyoutSumDynamic"": -72, ""cancelCountDynamic"": -85, ""cancelSumDynamic"": -85, ""cartCountDynamic"": -62, ""conversions"": {""addToCartPercent"": -25, ""buyoutPercent"": 54, ""cartToOrderPercent"": -7}, ""localizationPercentDynamic"": 25, ""openCountDynamic"": -47, ""orderCountDynamic"": -66, ""orderSumDynamic"": -65, ""shareOrderPercentDynamic"": -25, ""timeToReadyDynamic"": {""days"": 0, ""hours"": 3, ""mins"": 0}, ""wbClubDynamic"": {""avgOrderCountPerDay"": 0, ""avgPrice"": 0, ""buyoutCount"": 0, ""buyoutPercent"": 0, ""buyoutSum"": 0, ""cancelCount"": 0, ""cancelSum"": 0, ""orderCount"": 0, ""orderSum"": 0}}, ""past"": {""addToWishlist"": 139, ""avgOrdersCountPerDay"": 2, ""avgPrice"": 11411, ""buyoutCount"": 4, ""buyoutSum"": 41971, ""cancelCount"": 27, ""cancelSum"": 313302, ""cartCount"": 230, ""conversions"": {""addToCartPercent"": 4, ""buyoutPercent"": 13, ""cartToOrderPercent"": 14}, ""localizationPercent"": 44, ""openCount"": 6295, ""orderCount"": 32, ""orderSum"": 365150, ""period"": {""end"": ""2026-03-19"", ""start"": ""2026-03-04""}, ""shareOrderPercent"": 5.7, ""timeToReady"": {""days"": 1, ""hours"": 21, ""mins"": 0}, ""wbClub"": {""avgOrderCountPerDay"": 0, ""avgPrice"": 0, ""buyoutCount"": 0, ""buyoutPercent"": 0, ""buyoutSum"": 0, ""cancelCount"": 0, ""cancelSum"": 0, ""orderCount"": 0, ""orderSum"": 0}}, ""selected"": {""addToWishlist"": 83, ""avgOrdersCountPerDay"": 0.7, ""avgPrice"": 11698, ""buyoutCount"": 1, ""buyoutSum"": 11789, ""cancelCount"": 4, ""cancelSum"": 47254, ""cartCount"": 87, ""conversions"": {""addToCartPercent"": 3, ""buyoutPercent"": 20, ""cartToOrderPercent"": 13}, ""localizationPercent"": 55, ""openCount"": 3310, ""orderCount"": 11, ""orderSum"": 128676, ""period"": {""end"": ""2026-04-04"", ""start"": ""2026-03-20""}, ""shareOrderPercent"": 4.3, ""timeToReady"": {""days"": 2, ""hours"": 0, ""mins"": 0}, ""wbClub"": {""avgOrderCountPerDay"": 0, ""avgPrice"": 0, ""buyoutCount"": 0, ""buyoutPercent"": 0, ""buyoutSum"": 0, ""cancelCount"": 0, ""cancelSum"": 0, ""orderCount"": 0, ""orderSum"": 0}}}}"
sales_funnel_products;2026-03-20;2026-04-04;660321233;Костюм-двойка жакет с кантом и брюки палаццо для офиса;3225;135;18;212107.0;2;23699.0;"{""product"": {""brandName"": ""Uni ty"", ""feedbackRating"": 4.6, ""nmId"": 660321233, ""productRating"": 8, ""stocks"": {""balanceSum"": 411840, ""mp"": 0, ""wb"": 35}, ""subjectId"": 177, ""subjectName"": ""Костюмы"", ""tags"": [], ""title"": ""Костюм-двойка жакет с кантом и брюки палаццо для офиса"", ""vendorCode"": ""Ю 1177 бежевый""}, ""statistic"": {""comparison"": {""addToWishlistDynamic"": -68, ""avgOrdersCountPerDayDynamic"": -42, ""avgPriceDynamic"": 6, ""buyoutCountDynamic"": 0, ""buyoutSumDynamic"": -3, ""cancelCountDynamic"": -68, ""cancelSumDynamic"": -66, ""cartCountDynamic"": -56, ""conversions"": {""addToCartPercent"": 33, ""buyoutPercent"": 157, ""cartToOrderPercent"": 30}, ""localizationPercentDynamic"": -14, ""openCountDynamic"": -64, ""orderCountDynamic"": -42, ""orderSumDynamic"": -39, ""shareOrderPercentDynamic"": 31, ""timeToReadyDynamic"": {""days"": 0, ""hours"": 14, ""mins"": 0}, ""wbClubDynamic"": {""avgOrderCountPerDay"": 0, ""avgPrice"": 0, ""buyoutCount"": 0, ""buyoutPercent"": 0, ""buyoutSum"": 0, ""cancelCount"": 0, ""cancelSum"": 0, ""orderCount"": 0, ""orderSum"": 0}}, ""past"": {""addToWishlist"": 185, ""avgOrdersCountPerDay"": 1.9, ""avgPrice"": 11149, ""buyoutCount"": 2, ""buyoutSum"": 24335, ""cancelCount"": 28, ""cancelSum"": 311238, ""cartCount"": 308, ""conversions"": {""addToCartPercent"": 3, ""buyoutPercent"": 7, ""cartToOrderPercent"": 10}, ""localizationPercent"": 52, ""openCount"": 8963, ""orderCount"": 31, ""orderSum"": 345615, ""period"": {""end"": ""2026-03-19"", ""start"": ""2026-03-04""}, ""shareOrderPercent"": 5.4, ""timeToReady"": {""days"": 1, ""hours"": 16, ""mins"": 0}, ""wbClub"": {""avgOrderCountPerDay"": 0, ""avgPrice"": 0, ""buyoutCount"": 0, ""buyoutPercent"": 0, ""buyoutSum"": 0, ""cancelCount"": 0, ""cancelSum"": 0, ""orderCount"": 0, ""orderSum"": 0}}, ""selected"": {""addToWishlist"": 60, ""avgOrdersCountPerDay"": 1.1, ""avgPrice"": 11784, ""buyoutCount"": 2, ""buyoutSum"": 23699, ""cancelCount"": 9, ""cancelSum"": 106056, ""cartCount"": 135, ""conversions"": {""addToCartPercent"": 4, ""buyoutPercent"": 18, ""cartToOrderPercent"": 13}, ""localizationPercent"": 44, ""openCount"": 3225, ""orderCount"": 18, ""orderSum"": 212107, ""period"": {""end"": ""2026-04-04"", ""start"": ""2026-03-20""}, ""shareOrderPercent"": 7.1, ""timeToReady"": {""days"": 2, ""hours"": 6, ""mins"": 0}, ""wbClub"": {""avgOrderCountPerDay"": 0, ""avgPrice"": 0, ""buyoutCount"": 0, ""buyoutPercent"": 0, ""buyoutSum"": 0, ""cancelCount"": 0, ""cancelSum"": 0, ""orderCount"": 0, ""orderSum"": 0}}}}"
sales_funnel_products;2026-03-20;2026-04-04;730886983;Костюм-двойка удлиненный жакет и прямые брюки для офиса;3168;99;14;167055.0;3;36108.0;"{""product"": {""brandName"": ""Uni ty"", ""feedbackRating"": 2.7, ""nmId"": 730886983, ""productRating"": 8, ""stocks"": {""balanceSum"": 775469, ""mp"": 0, ""wb"": 65}, ""subjectId"": 177, ""subjectName"": ""Костюмы"", ""tags"": [], ""title"": ""Костюм-двойка удлиненный жакет и прямые брюки для офиса"", ""vendorCode"": ""Ю 1180 бордовый""}, ""statistic"": {""comparison"": {""addToWishlistDynamic"": -71, ""avgOrdersCountPerDayDynamic"": -53, ""avgPriceDynamic"": 7, ""buyoutCountDynamic"": 50, ""buyoutSumDynamic"": 77, ""cancelCountDynamic"": -79, ""cancelSumDynamic"": -78, ""cartCountDynamic"": -56, ""conversions"": {""addToCartPercent"": 0, ""buyoutPercent"": 375, ""cartToOrderPercent"": 8}, ""localizationPercentDynamic"": 13, ""openCountDynamic"": -54, ""orderCountDynamic"": -53, ""orderSumDynamic"": -50, ""shareOrderPercentDynamic"": 8, ""timeToReadyDynamic"": {""days"": 0, ""hours"": -1, ""mins"": 0}, ""wbClubDynamic"": {""avgOrderCountPerDay"": 0, ""avgPrice"": 0, ""buyoutCount"": 0, ""buyoutPercent"": 0, ""buyoutSum"": 0, ""cancelCount"": 0, ""cancelSum"": 0, ""orderCount"": 0, ""orderSum"": 0}}, ""past"": {""addToWishlist"": 98, ""avgOrdersCountPerDay"": 1.9, ""avgPrice"": 11135, ""buyoutCount"": 2, ""buyoutSum"": 20413, ""cancelCount"": 24, ""cancelSum"": 272110, ""cartCount"": 223, ""conversions"": {""addToCartPercent"": 3, ""buyoutPercent"": 8, ""cartToOrderPercent"": 13}, ""localizationPercent"": 63, ""openCount"": 6872, ""orderCount"": 30, ""orderSum"": 334049, ""period"": {""end"": ""2026-03-19"", ""start"": ""2026-03-04""}, ""shareOrderPercent"": 5.2, ""timeToReady"": {""days"": 1, ""hours"": 11, ""mins"": 0}, ""wbClub"": {""avgOrderCountPerDay"": 0, ""avgPrice"": 0, ""buyoutCount"": 0, ""buyoutPercent"": 0, ""buyoutSum"": 0, ""cancelCount"": 0, ""cancelSum"": 0, ""orderCount"": 0, ""orderSum"": 0}}, ""selected"": {""addToWishlist"": 28, ""avgOrdersCountPerDay"": 0.9, ""avgPrice"": 11932, ""buyoutCount"": 3, ""buyoutSum"": 36108, ""cancelCount"": 5, ""cancelSum"": 59864, ""cartCount"": 99, ""conversions"": {""addToCartPercent"": 3, ""buyoutPercent"": 38, ""cartToOrderPercent"": 14}, ""localizationPercent"": 71, ""openCount"": 3168, ""orderCount"": 14, ""orderSum"": 167055, ""period"": {""end"": ""2026-04-04"", ""start"": ""2026-03-20""}, ""shareOrderPercent"": 5.6, ""timeToReady"": {""days"": 1, ""hours"": 11, ""mins"": 0}, ""wbClub"": {""avgOrderCountPerDay"": 0, ""avgPrice"": 0, ""buyoutCount"": 0, ""buyoutPercent"": 0, ""buyoutSum"": 0, ""cancelCount"": 0, ""cancelSum"": 0, ""orderCount"": 0, ""orderSum"": 0}}}}"
sales_funnel_products;2026-03-20;2026-04-04;530986994;Костюм-двойка жакет и брюки в полоску для офиса;3028;65;8;96693.0;0;0.0;"{""product"": {""brandName"": ""Avemod"", ""feedbackRating"": 4.5, ""nmId"": 530986994, ""productRating"": 10, ""stocks"": {""balanceSum"": 727748, ""mp"": 0, ""wb"": 61}, ""subjectId"": 177, ""subjectName"": ""Костюмы"", ""tags"": [], ""title"": ""Костюм-двойка жакет и брюки в полоску для офиса"", ""vendorCode"": ""Ю 1157 красный""}, ""statistic"": {""comparison"": {""addToWishlistDynamic"": -40, ""avgOrdersCountPerDayDynamic"": -17, ""avgPriceDynamic"": 11, ""buyoutCountDynamic"": 0, ""buyoutSumDynamic"": 0, ""cancelCountDynamic"": -60, ""cancelSumDynamic"": -55, ""cartCountDynamic"": -8, ""conversions"": {""addToCartPercent"": 0, ""buyoutPercent"": 0, ""cartToOrderPercent"": -14}, ""localizationPercentDynamic"": -38, ""openCountDynamic"": 0, ""orderCountDynamic"": -20, ""orderSumDynamic"": -11, ""shareOrderPercentDynamic"": 94, ""timeToReadyDynamic"": {""days"": 0, ""hours"": 20, ""mins"": 0}, ""wbClubDynamic"": {""avgOrderCountPerDay"": 0, ""avgPrice"": 0, ""buyoutCount"": 0, ""buyoutPercent"": 0, ""buyoutSum"": 0, ""cancelCount"": 0, ""cancelSum"": 0, ""orderCount"": 0, ""orderSum"": 0}}, ""past"": {""addToWishlist"": 50, ""avgOrdersCountPerDay"": 0.6, ""avgPrice"": 10861, ""buyoutCount"": 0, ""buyoutSum"": 0, ""cancelCount"": 10, ""cancelSum"": 108614, ""cartCount"": 71, ""conversions"": {""addToCartPercent"": 2, ""buyoutPercent"": 0, ""cartToOrderPercent"": 14}, ""localizationPercent"": 60, ""openCount"": 3025, ""orderCount"": 10, ""orderSum"": 108614, ""period"": {""end"": ""2026-03-19"", ""start"": ""2026-03-04""}, ""shareOrderPercent"": 1.7, ""timeToReady"": {""days"": 1, ""hours"": 17, ""mins"": 0}, ""wbClub"": {""avgOrderCountPerDay"": 0, ""avgPrice"": 0, ""buyoutCount"": 0, ""buyoutPercent"": 0, ""buyoutSum"": 0, ""cancelCount"": 0, ""cancelSum"": 0, ""orderCount"": 0, ""orderSum"": 0}}, ""selected"": {""addToWishlist"": 30, ""avgOrdersCountPerDay"": 0.5, ""avgPrice"": 12087, ""buyoutCount"": 0, ""buyoutSum"": 0, ""cancelCount"": 4, ""cancelSum"": 48435, ""cartCount"": 65, ""conversions"": {""addToCartPercent"": 2, ""buyoutPercent"": 0, ""cartToOrderPercent"": 12}, ""localizationPercent"": 38, ""openCount"": 3028, ""orderCount"": 8, ""orderSum"": 96693, ""period"": {""end"": ""2026-04-04"", ""start"": ""2026-03-20""}, ""shareOrderPercent"": 3.3, ""timeToReady"": {""days"": 2, ""hours"": 13, ""mins"": 0}, ""wbClub"": {""avgOrderCountPerDay"": 0, ""avgPrice"": 0, ""buyoutCount"": 0, ""buyoutPercent"": 0, ""buyoutSum"": 0, ""cancelCount"": 0, ""cancelSum"": 0, ""orderCount"": 0, ""orderSum"": 0}}}}"
sales_funnel_products;2026-03-20;2026-04-04;618589192;Костюм-двойка удлиненный жакет и юбка мини для офиса;3013;68;9;106693.0;0;0.0;"{""product"": {""brandName"": ""Avemod"", ""feedbackRating"": 4.3, ""nmId"": 618589192, ""productRating"": 8, ""stocks"": {""balanceSum"": 141202, ""mp"": 0, ""wb"": 12}, ""subjectId"": 177, ""subjectName"": ""Костюмы"", ""tags"": [], ""title"": ""Костюм-двойка удлиненный жакет и юбка мини для офиса"", ""vendorCode"": ""Ю 1128 красный""}, ""statistic"": {""comparison"": {""addToWishlistDynamic"": -23, ""avgOrdersCountPerDayDynamic"": -45, ""avgPriceDynamic"": -5, ""buyoutCountDynamic"": -100, ""buyoutSumDynamic"": -100, ""cancelCountDynamic"": -69, ""cancelSumDynamic"": -70, ""cartCountDynamic"": -9, ""conversions"": {""addToCartPercent"": 0, ""buyoutPercent"": -100, ""cartToOrderPercent"": -43}, ""localizationPercentDynamic"": 89, ""openCountDynamic"": -5, ""orderCountDynamic"": -47, ""orderSumDynamic"": -50, ""shareOrderPercentDynamic"": 9, ""timeToReadyDynamic"": {""days"": 0, ""hours"": -13, ""mins"": 0}, ""wbClubDynamic"": {""avgOrderCountPerDay"": 0, ""avgPrice"": 0, ""buyoutCount"": 0, ""buyoutPercent"": 0, ""buyoutSum"": 0, ""cancelCount"": 0, ""cancelSum"": 0, ""orderCount"": 0, ""orderSum"": 0}}, ""past"": {""addToWishlist"": 62, ""avgOrdersCountPerDay"": 1.1, ""avgPrice"": 12448, ""buyoutCount"": 1, ""buyoutSum"": 12831, ""cancelCount"": 16, ""cancelSum"": 198778, ""cartCount"": 75, ""conversions"": {""addToCartPercent"": 2, ""buyoutPercent"": 6, ""cartToOrderPercent"": 23}, ""localizationPercent"": 24, ""openCount"": 3155, ""orderCount"": 17, ""orderSum"": 211609, ""period"": {""end"": ""2026-03-19"", ""start"": ""2026-03-04""}, ""shareOrderPercent"": 3.3, ""timeToReady"": {""days"": 2, ""hours"": 12, ""mins"": 0}, ""wbClub"": {""avgOrderCountPerDay"": 0, ""avgPrice"": 0, ""buyoutCount"": 0, ""buyoutPercent"": 0, ""buyoutSum"": 0, ""cancelCount"": 0, ""cancelSum"": 0, ""orderCount"": 0, ""orderSum"": 0}}, ""selected"": {""addToWishlist"": 48, ""avgOrdersCountPerDay"": 0.6, ""avgPrice"": 11855, ""buyoutCount"": 0, ""buyoutSum"": 0, ""cancelCount"": 5, ""cancelSum"": 59358, ""cartCount"": 68, ""conversions"": {""addToCartPercent"": 2, ""buyoutPercent"": 0, ""cartToOrderPercent"": 13}, ""localizationPercent"": 44, ""openCount"": 3013, ""orderCount"": 9, ""orderSum"": 106693, ""period"": {""end"": ""2026-04-04"", ""start"": ""2026-03-20""}, ""shareOrderPercent"": 3.6, ""timeToReady"": {""days"": 1, ""hours"": 23, ""mins"": 0}, ""wbClub"": {""avgOrderCountPerDay"": 0, ""avgPrice"": 0, ""buyoutCount"": 0, ""buyoutPercent"": 0, ""buyoutSum"": 0, ""cancelCount"": 0, ""cancelSum"": 0, ""orderCount"": 0, ""orderSum"": 0}}}}"
sales_funnel_products;2026-03-20;2026-04-04;463461955;Костюм-двойка укороченный жакет и юбка миди для офиса;2336;22;2;23561.0;0;0.0;"{""product"": {""brandName"": ""Avemod"", ""feedbackRating"": 4.9, ""nmId"": 463461955, ""productRating"": 10, ""stocks"": {""balanceSum"": 58834, ""mp"": 0, ""wb"": 5}, ""subjectId"": 177, ""subjectName"": ""Костюмы"", ""tags"": [], ""title"": ""Костюм-двойка укороченный жакет и юбка миди для офиса"", ""vendorCode"": ""Ю 1085 электрик""}, ""statistic"": {""comparison"": {""addToWishlistDynamic"": -33, ""avgOrdersCountPerDayDynamic"": -67, ""avgPriceDynamic"": 18, ""buyoutCountDynamic"": -100, ""buyoutSumDynamic"": -100, ""cancelCountDynamic"": -75, ""cancelSumDynamic"": -71, ""cartCountDynamic"": -41, ""conversions"": {""addToCartPercent"": 0, ""buyoutPercent"": -100, ""cartToOrderPercent"": -36}, ""localizationPercentDynamic"": 150, ""openCountDynamic"": -40, ""orderCountDynamic"": -60, ""orderSumDynamic"": -53, ""shareOrderPercentDynamic"": 0, ""timeToReadyDynamic"": {""days"": -1, ""hours"": -21, ""mins"": 0}, ""wbClubDynamic"": {""avgOrderCountPerDay"": 0, ""avgPrice"": 0, ""buyoutCount"": 0, ""buyoutPercent"": 0, ""buyoutSum"": 0, ""cancelCount"": 0, ""cancelSum"": 0, ""orderCount"": 0, ""orderSum"": 0}}, ""past"": {""addToWishlist"": 21, ""avgOrdersCountPerDay"": 0.3, ""avgPrice"": 9978, ""buyoutCount"": 1, ""buyoutSum"": 9598, ""cancelCount"": 4, ""cancelSum"": 40291, ""cartCount"": 37, ""conversions"": {""addToCartPercent"": 1, ""buyoutPercent"": 20, ""cartToOrderPercent"": 14}, ""localizationPercent"": 20, ""openCount"": 3889, ""orderCount"": 5, ""orderSum"": 49889, ""period"": {""end"": ""2026-03-19"", ""start"": ""2026-03-04""}, ""shareOrderPercent"": 0.8, ""timeToReady"": {""days"": 2, ""hours"": 15, ""mins"": 0}, ""wbClub"": {""avgOrderCountPerDay"": 0, ""avgPrice"": 0, ""buyoutCount"": 0, ""buyoutPercent"": 0, ""buyoutSum"": 0, ""cancelCount"": 0, ""cancelSum"": 0, ""orderCount"": 0, ""orderSum"": 0}}, ""selected"": {""addToWishlist"": 14, ""avgOrdersCountPerDay"": 0.1, ""avgPrice"": 11781, ""buyoutCount"": 0, ""buyoutSum"": 0, ""cancelCount"": 1, ""cancelSum"": 11883, ""cartCount"": 22, ""conversions"": {""addToCartPercent"": 1, ""buyoutPercent"": 0, ""cartToOrderPercent"": 9}, ""localizationPercent"": 50, ""openCount"": 2336, ""orderCount"": 2, ""orderSum"": 23561, ""period"": {""end"": ""2026-04-04"", ""start"": ""2026-03-20""}, ""shareOrderPercent"": 0.8, ""timeToReady"": {""days"": 0, ""hours"": 19, ""mins"": 0}, ""wbClub"": {""avgOrderCountPerDay"": 0, ""avgPrice"": 0, ""buyoutCount"": 0, ""buyoutPercent"": 0, ""buyoutSum"": 0, ""cancelCount"": 0, ""cancelSum"": 0, ""orderCount"": 0, ""orderSum"": 0}}}}"
sales_funnel_products;2026-03-20;2026-04-04;730875549;Костюм-двойка удлиненный жакет и прямые брюки для офиса;2313;36;3;35763.0;0;0.0;"{""product"": {""brandName"": ""Uni ty"", ""feedbackRating"": 5, ""nmId"": 730875549, ""productRating"": 8, ""stocks"": {""balanceSum"": 894772, ""mp"": 0, ""wb"": 75}, ""subjectId"": 177, ""subjectName"": ""Костюмы"", ""tags"": [], ""title"": ""Костюм-двойка удлиненный жакет и прямые брюки для офиса"", ""vendorCode"": ""Ю 1180 серый""}, ""statistic"": {""comparison"": {""addToWishlistDynamic"": -68, ""avgOrdersCountPerDayDynamic"": -33, ""avgPriceDynamic"": 12, ""buyoutCountDynamic"": 0, ""buyoutSumDynamic"": 0, ""cancelCountDynamic"": -60, ""cancelSumDynamic"": -55, ""cartCountDynamic"": -54, ""conversions"": {""addToCartPercent"": 100, ""buyoutPercent"": 0, ""cartToOrderPercent"": 33}, ""localizationPercentDynamic"": 233, ""openCountDynamic"": -59, ""orderCountDynamic"": -40, ""orderSumDynamic"": -33, ""shareOrderPercentDynamic"": 50, ""timeToReadyDynamic"": {""days"": -2, ""hours"": -2, ""mins"": 0}, ""wbClubDynamic"": {""avgOrderCountPerDay"": 0, ""avgPrice"": 0, ""buyoutCount"": 0, ""buyoutPercent"": 0, ""buyoutSum"": 0, ""cancelCount"": 0, ""cancelSum"": 0, ""orderCount"": 0, ""orderSum"": 0}}, ""past"": {""addToWishlist"": 38, ""avgOrdersCountPerDay"": 0.3, ""avgPrice"": 10604, ""buyoutCount"": 0, ""buyoutSum"": 0, ""cancelCount"": 5, ""cancelSum"": 53021, ""cartCount"": 78, ""conversions"": {""addToCartPercent"": 1, ""buyoutPercent"": 0, ""cartToOrderPercent"": 6}, ""localizationPercent"": 20, ""openCount"": 5583, ""orderCount"": 5, ""orderSum"": 53021, ""period"": {""end"": ""2026-03-19"", ""start"": ""2026-03-04""}, ""shareOrderPercent"": 0.8, ""timeToReady"": {""days"": 3, ""hours"": 17, ""mins"": 0}, ""wbClub"": {""avgOrderCountPerDay"": 0, ""avgPrice"": 0, ""buyoutCount"": 0, ""buyoutPercent"": 0, ""buyoutSum"": 0, ""cancelCount"": 0, ""cancelSum"": 0, ""orderCount"": 0, ""orderSum"": 0}}, ""selected"": {""addToWishlist"": 12, ""avgOrdersCountPerDay"": 0.2, ""avgPrice"": 11921, ""buyoutCount"": 0, ""buyoutSum"": 0, ""cancelCount"": 2, ""cancelSum"": 23965, ""cartCount"": 36, ""conversions"": {""addToCartPercent"": 2, ""buyoutPercent"": 0, ""cartToOrderPercent"": 8}, ""localizationPercent"": 67, ""openCount"": 2313, ""orderCount"": 3, ""orderSum"": 35763, ""period"": {""end"": ""2026-04-04"", ""start"": ""2026-03-20""}, ""shareOrderPercent"": 1.2, ""timeToReady"": {""days"": 1, ""hours"": 15, ""mins"": 0}, ""wbClub"": {""avgOrderCountPerDay"": 0, ""avgPrice"": 0, ""buyoutCount"": 0, ""buyoutPercent"": 0, ""buyoutSum"": 0, ""cancelCount"": 0, ""cancelSum"": 0, ""orderCount"": 0, ""orderSum"": 0}}}}"
sales_funnel_products;2026-03-20;2026-04-04;463481035;Костюм-двойка жакет и брюки с кантом для офиса;2213;81;7;82549.0;1;11861.0;"{""product"": {""brandName"": ""Uni ty"", ""feedbackRating"": 4.7, ""nmId"": 463481035, ""productRating"": 10, ""stocks"": {""balanceSum"": 2859347, ""mp"": 0, ""wb"": 243}, ""subjectId"": 177, ""subjectName"": ""Костюмы"", ""tags"": [], ""title"": ""Костюм-двойка жакет и брюки с кантом для офиса"", ""vendorCode"": ""Ю 1074 черный""}, ""statistic"": {""comparison"": {""addToWishlistDynamic"": -75, ""avgOrdersCountPerDayDynamic"": -80, ""avgPriceDynamic"": 5, ""buyoutCountDynamic"": -80, ""buyoutSumDynamic"": -76, ""cancelCountDynamic"": -85, ""cancelSumDynamic"": -84, ""cartCountDynamic"": -68, ""conversions"": {""addToCartPercent"": -20, ""buyoutPercent"": 25, ""cartToOrderPercent"": -31}, ""localizationPercentDynamic"": -28, ""openCountDynamic"": -57, ""orderCountDynamic"": -78, ""orderSumDynamic"": -77, ""shareOrderPercentDynamic"": -50, ""timeToReadyDynamic"": {""days"": 0, ""hours"": -12, ""mins"": 0}, ""wbClubDynamic"": {""avgOrderCountPerDay"": 0, ""avgPrice"": 0, ""buyoutCount"": 0, ""buyoutPercent"": 0, ""buyoutSum"": 0, ""cancelCount"": 0, ""cancelSum"": 0, ""orderCount"": 0, ""orderSum"": 0}}, ""past"": {""addToWishlist"": 110, ""avgOrdersCountPerDay"": 2, ""avgPrice"": 11233, ""buyoutCount"": 5, ""buyoutSum"": 49559, ""cancelCount"": 26, ""cancelSum"": 300028, ""cartCount"": 255, ""conversions"": {""addToCartPercent"": 5, ""buyoutPercent"": 16, ""cartToOrderPercent"": 13}, ""localizationPercent"": 59, ""openCount"": 5101, ""orderCount"": 32, ""orderSum"": 359464, ""period"": {""end"": ""2026-03-19"", ""start"": ""2026-03-04""}, ""shareOrderPercent"": 5.6, ""timeToReady"": {""days"": 1, ""hours"": 21, ""mins"": 0}, ""wbClub"": {""avgOrderCountPerDay"": 0, ""avgPrice"": 0, ""buyoutCount"": 0, ""buyoutPercent"": 0, ""buyoutSum"": 0, ""cancelCount"": 0, ""cancelSum"": 0, ""orderCount"": 0, ""orderSum"": 0}}, ""selected"": {""addToWishlist"": 28, ""avgOrdersCountPerDay"": 0.4, ""avgPrice"": 11793, ""buyoutCount"": 1, ""buyoutSum"": 11861, ""cancelCount"": 4, ""cancelSum"": 47415, ""cartCount"": 81, ""conversions"": {""addToCartPercent"": 4, ""buyoutPercent"": 20, ""cartToOrderPercent"": 9}, ""localizationPercent"": 43, ""openCount"": 2213, ""orderCount"": 7, ""orderSum"": 82549, ""period"": {""end"": ""2026-04-04"", ""start"": ""2026-03-20""}, ""shareOrderPercent"": 2.8, ""timeToReady"": {""days"": 1, ""hours"": 9, ""mins"": 0}, ""wbClub"": {""avgOrderCountPerDay"": 0, ""avgPrice"": 0, ""buyoutCount"": 0, ""buyoutPercent"": 0, ""buyoutSum"": 0, ""cancelCount"": 0, ""cancelSum"": 0, ""orderCount"": 0, ""orderSum"": 0}}}}"
sales_funnel_products;2026-03-20;2026-04-04;671296557;Костюм-двойка твидовый жакет и юбка карандаш для офиса;2106;57;7;79452.0;1;11324.0;"{""product"": {""brandName"": ""Uni ty"", ""feedbackRating"": 4, ""nmId"": 671296557, ""productRating"": 10, ""stocks"": {""balanceSum"": 1454678, ""mp"": 0, ""wb"": 129}, ""subjectId"": 177, ""subjectName"": ""Костюмы"", ""tags"": [], ""title"": ""Костюм-двойка твидовый жакет и юбка карандаш для офиса"", ""vendorCode"": ""Ю 1030 черно-белый""}, ""statistic"": {""comparison"": {""addToWishlistDynamic"": -91, ""avgOrdersCountPerDayDynamic"": -88, ""avgPriceDynamic"": 7, ""buyoutCountDynamic"": -86, ""buyoutSumDynamic"": -84, ""cancelCountDynamic"": -89, ""cancelSumDynamic"": -88, ""cartCountDynamic"": -87, ""conversions"": {""addToCartPercent"": -25, ""buyoutPercent"": 21, ""cartToOrderPercent"": 0}, ""localizationPercentDynamic"": 3, ""openCountDynamic"": -82, ""orderCountDynamic"": -87, ""orderSumDynamic"": -86, ""shareOrderPercentDynamic"": -69, ""timeToReadyDynamic"": {""days"": 0, ""hours"": -18, ""mins"": 0}, ""wbClubDynamic"": {""avgOrderCountPerDay"": 0, ""avgPrice"": 0, ""buyoutCount"": 0, ""buyoutPercent"": 0, ""buyoutSum"": 0, ""cancelCount"": 0, ""cancelSum"": 0, ""orderCount"": 0, ""orderSum"": 0}}, ""past"": {""addToWishlist"": 202, ""avgOrdersCountPerDay"": 3.3, ""avgPrice"": 10641, ""buyoutCount"": 7, ""buyoutSum"": 70931, ""cancelCount"": 44, ""cancelSum"": 470980, ""cartCount"": 436, ""conversions"": {""addToCartPercent"": 4, ""buyoutPercent"": 14, ""cartToOrderPercent"": 12}, ""localizationPercent"": 69, ""openCount"": 11931, ""orderCount"": 52, ""orderSum"": 553353, ""period"": {""end"": ""2026-03-19"", ""start"": ""2026-03-04""}, ""shareOrderPercent"": 8.6, ""timeToReady"": {""days"": 1, ""hours"": 19, ""mins"": 0}, ""wbClub"": {""avgOrderCountPerDay"": 0, ""avgPrice"": 0, ""buyoutCount"": 0, ""buyoutPercent"": 0, ""buyoutSum"": 0, ""cancelCount"": 0, ""cancelSum"": 0, ""orderCount"": 0, ""orderSum"": 0}}, ""selected"": {""addToWishlist"": 18, ""avgOrdersCountPerDay"": 0.4, ""avgPrice"": 11350, ""buyoutCount"": 1, ""buyoutSum"": 11324, ""cancelCount"": 5, ""cancelSum"": 56774, ""cartCount"": 57, ""conversions"": {""addToCartPercent"": 3, ""buyoutPercent"": 17, ""cartToOrderPercent"": 12}, ""localizationPercent"": 71, ""openCount"": 2106, ""orderCount"": 7, ""orderSum"": 79452, ""period"": {""end"": ""2026-04-04"", ""start"": ""2026-03-20""}, ""shareOrderPercent"": 2.7, ""timeToReady"": {""days"": 1, ""hours"": 1, ""mins"": 0}, ""wbClub"": {""avgOrderCountPerDay"": 0, ""avgPrice"": 0, ""buyoutCount"": 0, ""buyoutPercent"": 0, ""buyoutSum"": 0, ""cancelCount"": 0, ""cancelSum"": 0, ""orderCount"": 0, ""orderSum"": 0}}}}"
sales_funnel_products;2026-03-20;2026-04-04;609675241;Костюм-двойка удлиненный жакет и юбка мини для офиса;2005;60;12;141591.0;0;0.0;"{""product"": {""brandName"": ""Avemod"", ""feedbackRating"": 4, ""nmId"": 609675241, ""productRating"": 10, ""stocks"": {""balanceSum"": 270638, ""mp"": 0, ""wb"": 23}, ""subjectId"": 177, ""subjectName"": ""Костюмы"", ""tags"": [], ""title"": ""Костюм-двойка удлиненный жакет и юбка мини для офиса"", ""vendorCode"": ""Ю 1128 бутылочный""}, ""statistic"": {""comparison"": {""addToWishlistDynamic"": -61, ""avgOrdersCountPerDayDynamic"": -33, ""avgPriceDynamic"": 4, ""buyoutCountDynamic"": -100, ""buyoutSumDynamic"": -100, ""cancelCountDynamic"": -33, ""cancelSumDynamic"": -35, ""cartCountDynamic"": -56, ""conversions"": {""addToCartPercent"": 0, ""buyoutPercent"": -100, ""cartToOrderPercent"": 43}, ""localizationPercentDynamic"": -15, ""openCountDynamic"": -56, ""orderCountDynamic"": -37, ""orderSumDynamic"": -34, ""shareOrderPercentDynamic"": 45, ""timeToReadyDynamic"": {""days"": 0, ""hours"": 9, ""mins"": 0}, ""wbClubDynamic"": {""avgOrderCountPerDay"": 0, ""avgPrice"": 0, ""buyoutCount"": 0, ""buyoutPercent"": 0, ""buyoutSum"": 0, ""cancelCount"": 0, ""cancelSum"": 0, ""orderCount"": 0, ""orderSum"": 0}}, ""past"": {""addToWishlist"": 105, ""avgOrdersCountPerDay"": 1.2, ""avgPrice"": 11323, ""buyoutCount"": 4, ""buyoutSum"": 39230, ""cancelCount"": 12, ""cancelSum"": 146278, ""cartCount"": 135, ""conversions"": {""addToCartPercent"": 3, ""buyoutPercent"": 25, ""cartToOrderPercent"": 14}, ""localizationPercent"": 68, ""openCount"": 4557, ""orderCount"": 19, ""orderSum"": 215140, ""period"": {""end"": ""2026-03-19"", ""start"": ""2026-03-04""}, ""shareOrderPercent"": 3.3, ""timeToReady"": {""days"": 1, ""hours"": 10, ""mins"": 0}, ""wbClub"": {""avgOrderCountPerDay"": 0, ""avgPrice"": 0, ""buyoutCount"": 0, ""buyoutPercent"": 0, ""buyoutSum"": 0, ""cancelCount"": 0, ""cancelSum"": 0, ""orderCount"": 0, ""orderSum"": 0}}, ""selected"": {""addToWishlist"": 41, ""avgOrdersCountPerDay"": 0.8, ""avgPrice"": 11799, ""buyoutCount"": 0, ""buyoutSum"": 0, ""cancelCount"": 8, ""cancelSum"": 94941, ""cartCount"": 60, ""conversions"": {""addToCartPercent"": 3, ""buyoutPercent"": 0, ""cartToOrderPercent"": 20}, ""localizationPercent"": 58, ""openCount"": 2005, ""orderCount"": 12, ""orderSum"": 141591, ""period"": {""end"": ""2026-04-04"", ""start"": ""2026-03-20""}, ""shareOrderPercent"": 4.8, ""timeToReady"": {""days"": 1, ""hours"": 20, ""mins"": 0}, ""wbClub"": {""avgOrderCountPerDay"": 0, ""avgPrice"": 0, ""buyoutCount"": 0, ""buyoutPercent"": 0, ""buyoutSum"": 0, ""cancelCount"": 0, ""cancelSum"": 0, ""orderCount"": 0, ""orderSum"": 0}}}}"
sales_funnel_products;2026-03-20;2026-04-04;477202839;Костюм-двойка приталенный жакет и брюки для офиса;1920;69;10;120374.0;2;24015.0;"{""product"": {""brandName"": ""Avemod"", ""feedbackRating"": 4.6, ""nmId"": 477202839, ""productRating"": 10, ""stocks"": {""balanceSum"": 1109517, ""mp"": 0, ""wb"": 93}, ""subjectId"": 177, ""subjectName"": ""Костюмы"", ""tags"": [], ""title"": ""Костюм-двойка приталенный жакет и брюки для офиса"", ""vendorCode"": ""Ю 1139 электрик""}, ""statistic"": {""comparison"": {""addToWishlistDynamic"": -73, ""avgOrdersCountPerDayDynamic"": -82, ""avgPriceDynamic"": 10, ""buyoutCountDynamic"": -80, ""buyoutSumDynamic"": -77, ""cancelCountDynamic"": -85, ""cancelSumDynamic"": -84, ""cartCountDynamic"": -77, ""conversions"": {""addToCartPercent"": -20, ""buyoutPercent"": 25, ""cartToOrderPercent"": -18}, ""localizationPercentDynamic"": 40, ""openCountDynamic"": -67, ""orderCountDynamic"": -81, ""orderSumDynamic"": -79, ""shareOrderPercentDynamic"": -54, ""timeToReadyDynamic"": {""days"": 0, ""hours"": -10, ""mins"": 0}, ""wbClubDynamic"": {""avgOrderCountPerDay"": 0, ""avgPrice"": 0, ""buyoutCount"": 0, ""buyoutPercent"": 0, ""buyoutSum"": 0, ""cancelCount"": 0, ""cancelSum"": 0, ""orderCount"": 0, ""orderSum"": 0}}, ""past"": {""addToWishlist"": 109, ""avgOrdersCountPerDay"": 3.3, ""avgPrice"": 10978, ""buyoutCount"": 10, ""buyoutSum"": 104127, ""cancelCount"": 40, ""cancelSum"": 440188, ""cartCount"": 299, ""conversions"": {""addToCartPercent"": 5, ""buyoutPercent"": 20, ""cartToOrderPercent"": 17}, ""localizationPercent"": 50, ""openCount"": 5879, ""orderCount"": 52, ""orderSum"": 570856, ""period"": {""end"": ""2026-03-19"", ""start"": ""2026-03-04""}, ""shareOrderPercent"": 8.9, ""timeToReady"": {""days"": 2, ""hours"": 6, ""mins"": 0}, ""wbClub"": {""avgOrderCountPerDay"": 0, ""avgPrice"": 0, ""buyoutCount"": 0, ""buyoutPercent"": 0, ""buyoutSum"": 0, ""cancelCount"": 0, ""cancelSum"": 0, ""orderCount"": 0, ""orderSum"": 0}}, ""selected"": {""addToWishlist"": 29, ""avgOrdersCountPerDay"": 0.6, ""avgPrice"": 12037, ""buyoutCount"": 2, ""buyoutSum"": 24015, ""cancelCount"": 6, ""cancelSum"": 72417, ""cartCount"": 69, ""conversions"": {""addToCartPercent"": 4, ""buyoutPercent"": 25, ""cartToOrderPercent"": 14}, ""localizationPercent"": 70, ""openCount"": 1920, ""orderCount"": 10, ""orderSum"": 120374, ""period"": {""end"": ""2026-04-04"", ""start"": ""2026-03-20""}, ""shareOrderPercent"": 4.1, ""timeToReady"": {""days"": 1, ""hours"": 19, ""mins"": 0}, ""wbClub"": {""avgOrderCountPerDay"": 0, ""avgPrice"": 0, ""buyoutCount"": 0, ""buyoutPercent"": 0, ""buyoutSum"": 0, ""cancelCount"": 0, ""cancelSum"": 0, ""orderCount"": 0, ""orderSum"": 0}}}}"
sales_funnel_products;2026-03-20;2026-04-04;463481034;Костюм брючный с жакетом и контрастной отделкой;1845;37;6;71766.0;1;11672.0;"{""product"": {""brandName"": ""Uni ty"", ""feedbackRating"": 4.3, ""nmId"": 463481034, ""productRating"": 10, ""stocks"": {""balanceSum"": 600110, ""mp"": 0, ""wb"": 51}, ""subjectId"": 177, ""subjectName"": ""Костюмы"", ""tags"": [], ""title"": ""Костюм брючный с жакетом и контрастной отделкой"", ""vendorCode"": ""Ю 1113 черный""}, ""statistic"": {""comparison"": {""addToWishlistDynamic"": -41, ""avgOrdersCountPerDayDynamic"": -33, ""avgPriceDynamic"": 13, ""buyoutCountDynamic"": 0, ""buyoutSumDynamic"": 18, ""cancelCountDynamic"": -63, ""cancelSumDynamic"": -58, ""cartCountDynamic"": -45, ""conversions"": {""addToCartPercent"": 0, ""buyoutPercent"": 127, ""cartToOrderPercent"": 23}, ""localizationPercentDynamic"": 150, ""openCountDynamic"": -42, ""orderCountDynamic"": -33, ""orderSumDynamic"": -25, ""shareOrderPercentDynamic"": 60, ""timeToReadyDynamic"": {""days"": 0, ""hours"": -2, ""mins"": 0}, ""wbClubDynamic"": {""avgOrderCountPerDay"": 0, ""avgPrice"": 0, ""buyoutCount"": 0, ""buyoutPercent"": 0, ""buyoutSum"": 0, ""cancelCount"": 0, ""cancelSum"": 0, ""orderCount"": 0, ""orderSum"": 0}}, ""past"": {""addToWishlist"": 34, ""avgOrdersCountPerDay"": 0.6, ""avgPrice"": 10610, ""buyoutCount"": 1, ""buyoutSum"": 9877, ""cancelCount"": 8, ""cancelSum"": 85615, ""cartCount"": 67, ""conversions"": {""addToCartPercent"": 2, ""buyoutPercent"": 11, ""cartToOrderPercent"": 13}, ""localizationPercent"": 33, ""openCount"": 3157, ""orderCount"": 9, ""orderSum"": 95492, ""period"": {""end"": ""2026-03-19"", ""start"": ""2026-03-04""}, ""shareOrderPercent"": 1.5, ""timeToReady"": {""days"": 2, ""hours"": 1, ""mins"": 0}, ""wbClub"": {""avgOrderCountPerDay"": 0, ""avgPrice"": 0, ""buyoutCount"": 0, ""buyoutPercent"": 0, ""buyoutSum"": 0, ""cancelCount"": 0, ""cancelSum"": 0, ""orderCount"": 0, ""orderSum"": 0}}, ""selected"": {""addToWishlist"": 20, ""avgOrdersCountPerDay"": 0.4, ""avgPrice"": 11961, ""buyoutCount"": 1, ""buyoutSum"": 11672, ""cancelCount"": 3, ""cancelSum"": 36115, ""cartCount"": 37, ""conversions"": {""addToCartPercent"": 2, ""buyoutPercent"": 25, ""cartToOrderPercent"": 16}, ""localizationPercent"": 83, ""openCount"": 1845, ""orderCount"": 6, ""orderSum"": 71766, ""period"": {""end"": ""2026-04-04"", ""start"": ""2026-03-20""}, ""shareOrderPercent"": 2.4, ""timeToReady"": {""days"": 1, ""hours"": 23, ""mins"": 0}, ""wbClub"": {""avgOrderCountPerDay"": 0, ""avgPrice"": 0, ""buyoutCount"": 0, ""buyoutPercent"": 0, ""buyoutSum"": 0, ""cancelCount"": 0, ""cancelSum"": 0, ""orderCount"": 0, ""orderSum"": 0}}}}"
sales_funnel_products;2026-03-20;2026-04-04;527435893;Костюм-двойка жакет и брюки в полоску для офиса;1787;27;6;71468.0;1;11826.0;"{""product"": {""brandName"": ""Avemod"", ""feedbackRating"": 4.8, ""nmId"": 527435893, ""productRating"": 10, ""stocks"": {""balanceSum"": 1598659, ""mp"": 0, ""wb"": 134}, ""subjectId"": 177, ""subjectName"": ""Костюмы"", ""tags"": [], ""title"": ""Костюм-двойка жакет и брюки в полоску для офиса"", ""vendorCode"": ""Ю 1157 бордовый""}, ""statistic"": {""comparison"": {""addToWishlistDynamic"": -61, ""avgOrdersCountPerDayDynamic"": -56, ""avgPriceDynamic"": 13, ""buyoutCountDynamic"": -50, ""buyoutSumDynamic"": -40, ""cancelCountDynamic"": -82, ""cancelSumDynamic"": -80, ""cartCountDynamic"": -70, ""conversions"": {""addToCartPercent"": -33, ""buyoutPercent"": 120, ""cartToOrderPercent"": 38}, ""localizationPercentDynamic"": -7, ""openCountDynamic"": -49, ""orderCountDynamic"": -57, ""orderSumDynamic"": -52, ""shareOrderPercentDynamic"": 4, ""timeToReadyDynamic"": {""days"": 0, ""hours"": -8, ""mins"": 0}, ""wbClubDynamic"": {""avgOrderCountPerDay"": 0, ""avgPrice"": 0, ""buyoutCount"": 0, ""buyoutPercent"": 0, ""buyoutSum"": 0, ""cancelCount"": 0, ""cancelSum"": 0, ""orderCount"": 0, ""orderSum"": 0}}, ""past"": {""addToWishlist"": 54, ""avgOrdersCountPerDay"": 0.9, ""avgPrice"": 10577, ""buyoutCount"": 2, ""buyoutSum"": 19755, ""cancelCount"": 11, ""cancelSum"": 118450, ""cartCount"": 89, ""conversions"": {""addToCartPercent"": 3, ""buyoutPercent"": 15, ""cartToOrderPercent"": 16}, ""localizationPercent"": 71, ""openCount"": 3488, ""orderCount"": 14, ""orderSum"": 148082, ""period"": {""end"": ""2026-03-19"", ""start"": ""2026-03-04""}, ""shareOrderPercent"": 2.3, ""timeToReady"": {""days"": 1, ""hours"": 21, ""mins"": 0}, ""wbClub"": {""avgOrderCountPerDay"": 0, ""avgPrice"": 0, ""buyoutCount"": 0, ""buyoutPercent"": 0, ""buyoutSum"": 0, ""cancelCount"": 0, ""cancelSum"": 0, ""orderCount"": 0, ""orderSum"": 0}}, ""selected"": {""addToWishlist"": 21, ""avgOrdersCountPerDay"": 0.4, ""avgPrice"": 11911, ""buyoutCount"": 1, ""buyoutSum"": 11826, ""cancelCount"": 2, ""cancelSum"": 24051, ""cartCount"": 27, ""conversions"": {""addToCartPercent"": 2, ""buyoutPercent"": 33, ""cartToOrderPercent"": 22}, ""localizationPercent"": 67, ""openCount"": 1787, ""orderCount"": 6, ""orderSum"": 71468, ""period"": {""end"": ""2026-04-04"", ""start"": ""2026-03-20""}, ""shareOrderPercent"": 2.4, ""timeToReady"": {""days"": 1, ""hours"": 13, ""mins"": 0}, ""wbClub"": {""avgOrderCountPerDay"": 0, ""avgPrice"": 0, ""buyoutCount"": 0, ""buyoutPercent"": 0, ""buyoutSum"": 0, ""cancelCount"": 0, ""cancelSum"": 0, ""orderCount"": 0, ""orderSum"": 0}}}}"
sales_funnel_products;2026-03-20;2026-04-04;463461952;Костюм-двойка укороченный жакет и юбка миди для офиса;1699;18;1;11547.0;0;0.0;"{""product"": {""brandName"": ""Avemod"", ""feedbackRating"": 5, ""nmId"": 463461952, ""productRating"": 10, ""stocks"": {""balanceSum"": 129435, ""mp"": 0, ""wb"": 11}, ""subjectId"": 177, ""subjectName"": ""Костюмы"", ""tags"": [], ""title"": ""Костюм-двойка укороченный жакет и юбка миди для офиса"", ""vendorCode"": ""Ю 1085 черный""}, ""statistic"": {""comparison"": {""addToWishlistDynamic"": -44, ""avgOrdersCountPerDayDynamic"": 0, ""avgPriceDynamic"": 22, ""buyoutCountDynamic"": 0, ""buyoutSumDynamic"": 0, ""cancelCountDynamic"": 0, ""cancelSumDynamic"": 0, ""cartCountDynamic"": -28, ""conversions"": {""addToCartPercent"": 0, ""buyoutPercent"": 0, ""cartToOrderPercent"": -25}, ""localizationPercentDynamic"": -100, ""openCountDynamic"": -44, ""orderCountDynamic"": -50, ""orderSumDynamic"": -39, ""shareOrderPercentDynamic"": 33, ""timeToReadyDynamic"": {""days"": -1, ""hours"": -9, ""mins"": 0}, ""wbClubDynamic"": {""avgOrderCountPerDay"": 0, ""avgPrice"": 0, ""buyoutCount"": 0, ""buyoutPercent"": 0, ""buyoutSum"": 0, ""cancelCount"": 0, ""cancelSum"": 0, ""orderCount"": 0, ""orderSum"": 0}}, ""past"": {""addToWishlist"": 9, ""avgOrdersCountPerDay"": 0.1, ""avgPrice"": 9433, ""buyoutCount"": 0, ""buyoutSum"": 0, ""cancelCount"": 0, ""cancelSum"": 0, ""cartCount"": 25, ""conversions"": {""addToCartPercent"": 1, ""buyoutPercent"": 0, ""cartToOrderPercent"": 8}, ""localizationPercent"": 50, ""openCount"": 3015, ""orderCount"": 2, ""orderSum"": 18865, ""period"": {""end"": ""2026-03-19"", ""start"": ""2026-03-04""}, ""shareOrderPercent"": 0.3, ""timeToReady"": {""days"": 1, ""hours"": 9, ""mins"": 0}, ""wbClub"": {""avgOrderCountPerDay"": 0, ""avgPrice"": 0, ""buyoutCount"": 0, ""buyoutPercent"": 0, ""buyoutSum"": 0, ""cancelCount"": 0, ""cancelSum"": 0, ""orderCount"": 0, ""orderSum"": 0}}, ""selected"": {""addToWishlist"": 5, ""avgOrdersCountPerDay"": 0.1, ""avgPrice"": 11547, ""buyoutCount"": 0, ""buyoutSum"": 0, ""cancelCount"": 0, ""cancelSum"": 0, ""cartCount"": 18, ""conversions"": {""addToCartPercent"": 1, ""buyoutPercent"": 0, ""cartToOrderPercent"": 6}, ""localizationPercent"": 0, ""openCount"": 1699, ""orderCount"": 1, ""orderSum"": 11547, ""period"": {""end"": ""2026-04-04"", ""start"": ""2026-03-20""}, ""shareOrderPercent"": 0.4, ""timeToReady"": {""days"": 0, ""hours"": 0, ""mins"": 0}, ""wbClub"": {""avgOrderCountPerDay"": 0, ""avgPrice"": 0, ""buyoutCount"": 0, ""buyoutPercent"": 0, ""buyoutSum"": 0, ""cancelCount"": 0, ""cancelSum"": 0, ""orderCount"": 0, ""orderSum"": 0}}}}"
sales_funnel_products;2026-03-20;2026-04-04;463481032;Костюм-двойка жакет и юбка макси для офиса;1689;41;4;48479.0;0;0.0;"{""product"": {""brandName"": ""Uni ty"", ""feedbackRating"": 4.7, ""nmId"": 463481032, ""productRating"": 10, ""stocks"": {""balanceSum"": 640967, ""mp"": 0, ""wb"": 53}, ""subjectId"": 177, ""subjectName"": ""Костюмы"", ""tags"": [], ""title"": ""Костюм-двойка жакет и юбка макси для офиса"", ""vendorCode"": ""Ю 1142 черный""}, ""statistic"": {""comparison"": {""addToWishlistDynamic"": -21, ""avgOrdersCountPerDayDynamic"": -25, ""avgPriceDynamic"": 13, ""buyoutCountDynamic"": 0, ""buyoutSumDynamic"": 0, ""cancelCountDynamic"": -25, ""cancelSumDynamic"": -14, ""cartCountDynamic"": -37, ""conversions"": {""addToCartPercent"": -33, ""buyoutPercent"": 0, ""cartToOrderPercent"": 11}, ""localizationPercentDynamic"": 50, ""openCountDynamic"": -16, ""orderCountDynamic"": -33, ""orderSumDynamic"": -25, ""shareOrderPercentDynamic"": 60, ""timeToReadyDynamic"": {""days"": 0, ""hours"": -22, ""mins"": 0}, ""wbClubDynamic"": {""avgOrderCountPerDay"": 0, ""avgPrice"": 0, ""buyoutCount"": 0, ""buyoutPercent"": 0, ""buyoutSum"": 0, ""cancelCount"": 0, ""cancelSum"": 0, ""orderCount"": 0, ""orderSum"": 0}}, ""past"": {""addToWishlist"": 33, ""avgOrdersCountPerDay"": 0.4, ""avgPrice"": 10714, ""buyoutCount"": 0, ""buyoutSum"": 0, ""cancelCount"": 4, ""cancelSum"": 42313, ""cartCount"": 65, ""conversions"": {""addToCartPercent"": 3, ""buyoutPercent"": 0, ""cartToOrderPercent"": 9}, ""localizationPercent"": 67, ""openCount"": 2010, ""orderCount"": 6, ""orderSum"": 64285, ""period"": {""end"": ""2026-03-19"", ""start"": ""2026-03-04""}, ""shareOrderPercent"": 1, ""timeToReady"": {""days"": 1, ""hours"": 22, ""mins"": 0}, ""wbClub"": {""avgOrderCountPerDay"": 0, ""avgPrice"": 0, ""buyoutCount"": 0, ""buyoutPercent"": 0, ""buyoutSum"": 0, ""cancelCount"": 0, ""cancelSum"": 0, ""orderCount"": 0, ""orderSum"": 0}}, ""selected"": {""addToWishlist"": 26, ""avgOrdersCountPerDay"": 0.3, ""avgPrice"": 12120, ""buyoutCount"": 0, ""buyoutSum"": 0, ""cancelCount"": 3, ""cancelSum"": 36298, ""cartCount"": 41, ""conversions"": {""addToCartPercent"": 2, ""buyoutPercent"": 0, ""cartToOrderPercent"": 10}, ""localizationPercent"": 100, ""openCount"": 1689, ""orderCount"": 4, ""orderSum"": 48479, ""period"": {""end"": ""2026-04-04"", ""start"": ""2026-03-20""}, ""shareOrderPercent"": 1.6, ""timeToReady"": {""days"": 1, ""hours"": 0, ""mins"": 0}, ""wbClub"": {""avgOrderCountPerDay"": 0, ""avgPrice"": 0, ""buyoutCount"": 0, ""buyoutPercent"": 0, ""buyoutSum"": 0, ""cancelCount"": 0, ""cancelSum"": 0, ""orderCount"": 0, ""orderSum"": 0}}}}"
sales_funnel_products;2026-03-20;2026-04-04;524658407;Костюм-двойка жакет и брюки в полоску для офиса;1604;39;4;47926.0;0;0.0;"{""product"": {""brandName"": ""Avemod"", ""feedbackRating"": 4.4, ""nmId"": 524658407, ""productRating"": 10, ""stocks"": {""balanceSum"": 572654, ""mp"": 0, ""wb"": 48}, ""subjectId"": 177, ""subjectName"": ""Костюмы"", ""tags"": [], ""title"": ""Костюм-двойка жакет и брюки в полоску для офиса"", ""vendorCode"": ""Ю 1157 бутылочный""}, ""statistic"": {""comparison"": {""addToWishlistDynamic"": -48, ""avgOrdersCountPerDayDynamic"": -50, ""avgPriceDynamic"": 16, ""buyoutCountDynamic"": -100, ""buyoutSumDynamic"": -100, ""cancelCountDynamic"": -75, ""cancelSumDynamic"": -69, ""cartCountDynamic"": -40, ""conversions"": {""addToCartPercent"": -33, ""buyoutPercent"": -100, ""cartToOrderPercent"": -33}, ""localizationPercentDynamic"": -29, ""openCountDynamic"": -19, ""orderCountDynamic"": -60, ""orderSumDynamic"": -54, ""shareOrderPercentDynamic"": 0, ""timeToReadyDynamic"": {""days"": 0, ""hours"": 14, ""mins"": 0}, ""wbClubDynamic"": {""avgOrderCountPerDay"": 0, ""avgPrice"": 0, ""buyoutCount"": 0, ""buyoutPercent"": 0, ""buyoutSum"": 0, ""cancelCount"": 0, ""cancelSum"": 0, ""orderCount"": 0, ""orderSum"": 0}}, ""past"": {""addToWishlist"": 46, ""avgOrdersCountPerDay"": 0.6, ""avgPrice"": 10311, ""buyoutCount"": 2, ""buyoutSum"": 24379, ""cancelCount"": 8, ""cancelSum"": 78726, ""cartCount"": 65, ""conversions"": {""addToCartPercent"": 3, ""buyoutPercent"": 20, ""cartToOrderPercent"": 15}, ""localizationPercent"": 70, ""openCount"": 1970, ""orderCount"": 10, ""orderSum"": 103105, ""period"": {""end"": ""2026-03-19"", ""start"": ""2026-03-04""}, ""shareOrderPercent"": 1.6, ""timeToReady"": {""days"": 1, ""hours"": 5, ""mins"": 0}, ""wbClub"": {""avgOrderCountPerDay"": 0, ""avgPrice"": 0, ""buyoutCount"": 0, ""buyoutPercent"": 0, ""buyoutSum"": 0, ""cancelCount"": 0, ""cancelSum"": 0, ""orderCount"": 0, ""orderSum"": 0}}, ""selected"": {""addToWishlist"": 24, ""avgOrdersCountPerDay"": 0.3, ""avgPrice"": 11982, ""buyoutCount"": 0, ""buyoutSum"": 0, ""cancelCount"": 2, ""cancelSum"": 24275, ""cartCount"": 39, ""conversions"": {""addToCartPercent"": 2, ""buyoutPercent"": 0, ""cartToOrderPercent"": 10}, ""localizationPercent"": 50, ""openCount"": 1604, ""orderCount"": 4, ""orderSum"": 47926, ""period"": {""end"": ""2026-04-04"", ""start"": ""2026-03-20""}, ""shareOrderPercent"": 1.6, ""timeToReady"": {""days"": 1, ""hours"": 19, ""mins"": 0}, ""wbClub"": {""avgOrderCountPerDay"": 0, ""avgPrice"": 0, ""buyoutCount"": 0, ""buyoutPercent"": 0, ""buyoutSum"": 0, ""cancelCount"": 0, ""cancelSum"": 0, ""orderCount"": 0, ""orderSum"": 0}}}}"
sales_funnel_products;2026-03-20;2026-04-04;465154530;Костюм-двойка жакет и брюки с кантом для офиса;1588;40;7;82303.0;1;11789.0;"{""product"": {""brandName"": ""Uni ty"", ""feedbackRating"": 4.5, ""nmId"": 465154530, ""productRating"": 10, ""stocks"": {""balanceSum"": 152969, ""mp"": 0, ""wb"": 13}, ""subjectId"": 177, ""subjectName"": ""Костюмы"", ""tags"": [], ""title"": ""Костюм-двойка жакет и брюки с кантом для офиса"", ""vendorCode"": ""Ю 1074 голубой""}, ""statistic"": {""comparison"": {""addToWishlistDynamic"": -21, ""avgOrdersCountPerDayDynamic"": 33, ""avgPriceDynamic"": 5, ""buyoutCountDynamic"": 100, ""buyoutSumDynamic"": 100, ""cancelCountDynamic"": -20, ""cancelSumDynamic"": -16, ""cartCountDynamic"": -44, ""conversions"": {""addToCartPercent"": 0, ""buyoutPercent"": 100, ""cartToOrderPercent"": 157}, ""localizationPercentDynamic"": -52, ""openCountDynamic"": -33, ""orderCountDynamic"": 40, ""orderSumDynamic"": 47, ""shareOrderPercentDynamic"": 211, ""timeToReadyDynamic"": {""days"": 0, ""hours"": -6, ""mins"": 0}, ""wbClubDynamic"": {""avgOrderCountPerDay"": 0, ""avgPrice"": 0, ""buyoutCount"": 0, ""buyoutPercent"": 0, ""buyoutSum"": 0, ""cancelCount"": 0, ""cancelSum"": 0, ""orderCount"": 0, ""orderSum"": 0}}, ""past"": {""addToWishlist"": 33, ""avgOrdersCountPerDay"": 0.3, ""avgPrice"": 11208, ""buyoutCount"": 0, ""buyoutSum"": 0, ""cancelCount"": 5, ""cancelSum"": 56041, ""cartCount"": 71, ""conversions"": {""addToCartPercent"": 3, ""buyoutPercent"": 0, ""cartToOrderPercent"": 7}, ""localizationPercent"": 60, ""openCount"": 2359, ""orderCount"": 5, ""orderSum"": 56041, ""period"": {""end"": ""2026-03-19"", ""start"": ""2026-03-04""}, ""shareOrderPercent"": 0.9, ""timeToReady"": {""days"": 1, ""hours"": 22, ""mins"": 0}, ""wbClub"": {""avgOrderCountPerDay"": 0, ""avgPrice"": 0, ""buyoutCount"": 0, ""buyoutPercent"": 0, ""buyoutSum"": 0, ""cancelCount"": 0, ""cancelSum"": 0, ""orderCount"": 0, ""orderSum"": 0}}, ""selected"": {""addToWishlist"": 26, ""avgOrdersCountPerDay"": 0.4, ""avgPrice"": 11758, ""buyoutCount"": 1, ""buyoutSum"": 11789, ""cancelCount"": 4, ""cancelSum"": 47111, ""cartCount"": 40, ""conversions"": {""addToCartPercent"": 3, ""buyoutPercent"": 20, ""cartToOrderPercent"": 18}, ""localizationPercent"": 29, ""openCount"": 1588, ""orderCount"": 7, ""orderSum"": 82303, ""period"": {""end"": ""2026-04-04"", ""start"": ""2026-03-20""}, ""shareOrderPercent"": 2.8, ""timeToReady"": {""days"": 1, ""hours"": 16, ""mins"": 0}, ""wbClub"": {""avgOrderCountPerDay"": 0, ""avgPrice"": 0, ""buyoutCount"": 0, ""buyoutPercent"": 0, ""buyoutSum"": 0, ""cancelCount"": 0, ""cancelSum"": 0, ""orderCount"": 0, ""orderSum"": 0}}}}"
sales_funnel_products;2026-03-20;2026-04-04;463481025;Костюм-двойка жакет и брюки с кантом для офиса;1554;26;5;59264.0;0;0.0;"{""product"": {""brandName"": ""Uni ty"", ""feedbackRating"": 4.1, ""nmId"": 463481025, ""productRating"": 10, ""stocks"": {""balanceSum"": 247104, ""mp"": 0, ""wb"": 21}, ""subjectId"": 177, ""subjectName"": ""Костюмы"", ""tags"": [], ""title"": ""Костюм-двойка жакет и брюки с кантом для офиса"", ""vendorCode"": ""Ю 1074 серый""}, ""statistic"": {""comparison"": {""addToWishlistDynamic"": -31, ""avgOrdersCountPerDayDynamic"": 50, ""avgPriceDynamic"": -8, ""buyoutCountDynamic"": -100, ""buyoutSumDynamic"": -100, ""cancelCountDynamic"": 100, ""cancelSumDynamic"": 68, ""cartCountDynamic"": -41, ""conversions"": {""addToCartPercent"": 100, ""buyoutPercent"": -100, ""cartToOrderPercent"": 171}, ""localizationPercentDynamic"": -40, ""openCountDynamic"": -52, ""orderCountDynamic"": 67, ""orderSumDynamic"": 53, ""shareOrderPercentDynamic"": 233, ""timeToReadyDynamic"": {""days"": 0, ""hours"": -3, ""mins"": 0}, ""wbClubDynamic"": {""avgOrderCountPerDay"": 0, ""avgPrice"": 0, ""buyoutCount"": 0, ""buyoutPercent"": 0, ""buyoutSum"": 0, ""cancelCount"": 0, ""cancelSum"": 0, ""orderCount"": 0, ""orderSum"": 0}}, ""past"": {""addToWishlist"": 26, ""avgOrdersCountPerDay"": 0.2, ""avgPrice"": 12891, ""buyoutCount"": 1, ""buyoutSum"": 9877, ""cancelCount"": 1, ""cancelSum"": 14293, ""cartCount"": 44, ""conversions"": {""addToCartPercent"": 1, ""buyoutPercent"": 50, ""cartToOrderPercent"": 7}, ""localizationPercent"": 67, ""openCount"": 3243, ""orderCount"": 3, ""orderSum"": 38672, ""period"": {""end"": ""2026-03-19"", ""start"": ""2026-03-04""}, ""shareOrderPercent"": 0.6, ""timeToReady"": {""days"": 1, ""hours"": 15, ""mins"": 0}, ""wbClub"": {""avgOrderCountPerDay"": 0, ""avgPrice"": 0, ""buyoutCount"": 0, ""buyoutPercent"": 0, ""buyoutSum"": 0, ""cancelCount"": 0, ""cancelSum"": 0, ""orderCount"": 0, ""orderSum"": 0}}, ""selected"": {""addToWishlist"": 18, ""avgOrdersCountPerDay"": 0.3, ""avgPrice"": 11853, ""buyoutCount"": 0, ""buyoutSum"": 0, ""cancelCount"": 2, ""cancelSum"": 23978, ""cartCount"": 26, ""conversions"": {""addToCartPercent"": 2, ""buyoutPercent"": 0, ""cartToOrderPercent"": 19}, ""localizationPercent"": 40, ""openCount"": 1554, ""orderCount"": 5, ""orderSum"": 59264, ""period"": {""end"": ""2026-04-04"", ""start"": ""2026-03-20""}, ""shareOrderPercent"": 2, ""timeToReady"": {""days"": 1, ""hours"": 12, ""mins"": 0}, ""wbClub"": {""avgOrderCountPerDay"": 0, ""avgPrice"": 0, ""buyoutCount"": 0, ""buyoutPercent"": 0, ""buyoutSum"": 0, ""cancelCount"": 0, ""cancelSum"": 0, ""orderCount"": 0, ""orderSum"": 0}}}}"
sales_funnel_products;2026-03-20;2026-04-04;497837405;Костюм-двойка жакет и брюки в полоску для офиса;1547;35;6;71881.0;0;0.0;"{""product"": {""brandName"": ""Avemod"", ""feedbackRating"": 4.5, ""nmId"": 497837405, ""productRating"": 10, ""stocks"": {""balanceSum"": 835120, ""mp"": 0, ""wb"": 70}, ""subjectId"": 177, ""subjectName"": ""Костюмы"", ""tags"": [], ""title"": ""Костюм-двойка жакет и брюки в полоску для офиса"", ""vendorCode"": ""Ю 1157 кэмел""}, ""statistic"": {""comparison"": {""addToWishlistDynamic"": -51, ""avgOrdersCountPerDayDynamic"": -64, ""avgPriceDynamic"": 20, ""buyoutCountDynamic"": -100, ""buyoutSumDynamic"": -100, ""cancelCountDynamic"": -80, ""cancelSumDynamic"": -76, ""cartCountDynamic"": -64, ""conversions"": {""addToCartPercent"": -33, ""buyoutPercent"": -100, ""cartToOrderPercent"": -11}, ""localizationPercentDynamic"": 0, ""openCountDynamic"": -54, ""orderCountDynamic"": -67, ""orderSumDynamic"": -60, ""shareOrderPercentDynamic"": -14, ""timeToReadyDynamic"": {""days"": 0, ""hours"": 4, ""mins"": 0}, ""wbClubDynamic"": {""avgOrderCountPerDay"": 0, ""avgPrice"": 0, ""buyoutCount"": 0, ""buyoutPercent"": 0, ""buyoutSum"": 0, ""cancelCount"": 0, ""cancelSum"": 0, ""orderCount"": 0, ""orderSum"": 0}}, ""past"": {""addToWishlist"": 43, ""avgOrdersCountPerDay"": 1.1, ""avgPrice"": 10025, ""buyoutCount"": 3, ""buyoutSum"": 29307, ""cancelCount"": 15, ""cancelSum"": 151143, ""cartCount"": 97, ""conversions"": {""addToCartPercent"": 3, ""buyoutPercent"": 17, ""cartToOrderPercent"": 19}, ""localizationPercent"": 67, ""openCount"": 3389, ""orderCount"": 18, ""orderSum"": 180450, ""period"": {""end"": ""2026-03-19"", ""start"": ""2026-03-04""}, ""shareOrderPercent"": 2.8, ""timeToReady"": {""days"": 1, ""hours"": 9, ""mins"": 0}, ""wbClub"": {""avgOrderCountPerDay"": 0, ""avgPrice"": 0, ""buyoutCount"": 0, ""buyoutPercent"": 0, ""buyoutSum"": 0, ""cancelCount"": 0, ""cancelSum"": 0, ""orderCount"": 0, ""orderSum"": 0}}, ""selected"": {""addToWishlist"": 21, ""avgOrdersCountPerDay"": 0.4, ""avgPrice"": 11980, ""buyoutCount"": 0, ""buyoutSum"": 0, ""cancelCount"": 3, ""cancelSum"": 35954, ""cartCount"": 35, ""conversions"": {""addToCartPercent"": 2, ""buyoutPercent"": 0, ""cartToOrderPercent"": 17}, ""localizationPercent"": 67, ""openCount"": 1547, ""orderCount"": 6, ""orderSum"": 71881, ""period"": {""end"": ""2026-04-04"", ""start"": ""2026-03-20""}, ""shareOrderPercent"": 2.4, ""timeToReady"": {""days"": 1, ""hours"": 14, ""mins"": 0}, ""wbClub"": {""avgOrderCountPerDay"": 0, ""avgPrice"": 0, ""buyoutCount"": 0, ""buyoutPercent"": 0, ""buyoutSum"": 0, ""cancelCount"": 0, ""cancelSum"": 0, ""orderCount"": 0, ""orderSum"": 0}}}}"
sales_funnel_products;2026-03-20;2026-04-04;497837406;Костюм-двойка жакет и брюки в полоску для офиса;1506;69;5;60092.0;0;0.0;"{""product"": {""brandName"": ""Avemod"", ""feedbackRating"": 4.4, ""nmId"": 497837406, ""productRating"": 10, ""stocks"": {""balanceSum"": 739678, ""mp"": 0, ""wb"": 62}, ""subjectId"": 177, ""subjectName"": ""Костюмы"", ""tags"": [], ""title"": ""Костюм-двойка жакет и брюки в полоску для офиса"", ""vendorCode"": ""Ю 1157 черный""}, ""statistic"": {""comparison"": {""addToWishlistDynamic"": -69, ""avgOrdersCountPerDayDynamic"": -84, ""avgPriceDynamic"": 14, ""buyoutCountDynamic"": -100, ""buyoutSumDynamic"": -100, ""cancelCountDynamic"": -89, ""cancelSumDynamic"": -88, ""cartCountDynamic"": -47, ""conversions"": {""addToCartPercent"": 25, ""buyoutPercent"": -100, ""cartToOrderPercent"": -70}, ""localizationPercentDynamic"": -63, ""openCountDynamic"": -57, ""orderCountDynamic"": -83, ""orderSumDynamic"": -81, ""shareOrderPercentDynamic"": -59, ""timeToReadyDynamic"": {""days"": 0, ""hours"": 6, ""mins"": 0}, ""wbClubDynamic"": {""avgOrderCountPerDay"": 0, ""avgPrice"": 0, ""buyoutCount"": 0, ""buyoutPercent"": 0, ""buyoutSum"": 0, ""cancelCount"": 0, ""cancelSum"": 0, ""orderCount"": 0, ""orderSum"": 0}}, ""past"": {""addToWishlist"": 86, ""avgOrdersCountPerDay"": 1.9, ""avgPrice"": 10513, ""buyoutCount"": 2, ""buyoutSum"": 19426, ""cancelCount"": 28, ""cancelSum"": 295951, ""cartCount"": 130, ""conversions"": {""addToCartPercent"": 4, ""buyoutPercent"": 7, ""cartToOrderPercent"": 23}, ""localizationPercent"": 53, ""openCount"": 3495, ""orderCount"": 30, ""orderSum"": 315377, ""period"": {""end"": ""2026-03-19"", ""start"": ""2026-03-04""}, ""shareOrderPercent"": 4.9, ""timeToReady"": {""days"": 1, ""hours"": 21, ""mins"": 0}, ""wbClub"": {""avgOrderCountPerDay"": 0, ""avgPrice"": 0, ""buyoutCount"": 0, ""buyoutPercent"": 0, ""buyoutSum"": 0, ""cancelCount"": 0, ""cancelSum"": 0, ""orderCount"": 0, ""orderSum"": 0}}, ""selected"": {""addToWishlist"": 27, ""avgOrdersCountPerDay"": 0.3, ""avgPrice"": 12018, ""buyoutCount"": 0, ""buyoutSum"": 0, ""cancelCount"": 3, ""cancelSum"": 36104, ""cartCount"": 69, ""conversions"": {""addToCartPercent"": 5, ""buyoutPercent"": 0, ""cartToOrderPercent"": 7}, ""localizationPercent"": 20, ""openCount"": 1506, ""orderCount"": 5, ""orderSum"": 60092, ""period"": {""end"": ""2026-04-04"", ""start"": ""2026-03-20""}, ""shareOrderPercent"": 2, ""timeToReady"": {""days"": 2, ""hours"": 3, ""mins"": 0}, ""wbClub"": {""avgOrderCountPerDay"": 0, ""avgPrice"": 0, ""buyoutCount"": 0, ""buyoutPercent"": 0, ""buyoutSum"": 0, ""cancelCount"": 0, ""cancelSum"": 0, ""orderCount"": 0, ""orderSum"": 0}}}}"
sales_funnel_products;2026-03-20;2026-04-04;501621156;Костюмы-двойка приталенный жакет и брюки клеш для офиса;1251;14;1;11861.0;0;0.0;"{""product"": {""brandName"": ""Avemod"", ""feedbackRating"": 4.8, ""nmId"": 501621156, ""productRating"": 10, ""stocks"": {""balanceSum"": 58834, ""mp"": 0, ""wb"": 5}, ""subjectId"": 177, ""subjectName"": ""Костюмы"", ""tags"": [], ""title"": ""Костюмы-двойка приталенный жакет и брюки клеш для офиса"", ""vendorCode"": ""Ю 1130 электрик""}, ""statistic"": {""comparison"": {""addToWishlistDynamic"": -70, ""avgOrdersCountPerDayDynamic"": -67, ""avgPriceDynamic"": 6, ""buyoutCountDynamic"": 0, ""buyoutSumDynamic"": 0, ""cancelCountDynamic"": -100, ""cancelSumDynamic"": -100, ""cartCountDynamic"": -36, ""conversions"": {""addToCartPercent"": 0, ""buyoutPercent"": 0, ""cartToOrderPercent"": -70}, ""localizationPercentDynamic"": -100, ""openCountDynamic"": -41, ""orderCountDynamic"": -80, ""orderSumDynamic"": -79, ""shareOrderPercentDynamic"": -56, ""timeToReadyDynamic"": {""days"": 0, ""hours"": 10, ""mins"": 0}, ""wbClubDynamic"": {""avgOrderCountPerDay"": 0, ""avgPrice"": 0, ""buyoutCount"": 0, ""buyoutPercent"": 0, ""buyoutSum"": 0, ""cancelCount"": 0, ""cancelSum"": 0, ""orderCount"": 0, ""orderSum"": 0}}, ""past"": {""addToWishlist"": 23, ""avgOrdersCountPerDay"": 0.3, ""avgPrice"": 11184, ""buyoutCount"": 0, ""buyoutSum"": 0, ""cancelCount"": 3, ""cancelSum"": 31706, ""cartCount"": 22, ""conversions"": {""addToCartPercent"": 1, ""buyoutPercent"": 0, ""cartToOrderPercent"": 23}, ""localizationPercent"": 80, ""openCount"": 2110, ""orderCount"": 5, ""orderSum"": 55921, ""period"": {""end"": ""2026-03-19"", ""start"": ""2026-03-04""}, ""shareOrderPercent"": 0.9, ""timeToReady"": {""days"": 1, ""hours"": 19, ""mins"": 0}, ""wbClub"": {""avgOrderCountPerDay"": 0, ""avgPrice"": 0, ""buyoutCount"": 0, ""buyoutPercent"": 0, ""buyoutSum"": 0, ""cancelCount"": 0, ""cancelSum"": 0, ""orderCount"": 0, ""orderSum"": 0}}, ""selected"": {""addToWishlist"": 7, ""avgOrdersCountPerDay"": 0.1, ""avgPrice"": 11861, ""buyoutCount"": 0, ""buyoutSum"": 0, ""cancelCount"": 0, ""cancelSum"": 0, ""cartCount"": 14, ""conversions"": {""addToCartPercent"": 1, ""buyoutPercent"": 0, ""cartToOrderPercent"": 7}, ""localizationPercent"": 0, ""openCount"": 1251, ""orderCount"": 1, ""orderSum"": 11861, ""period"": {""end"": ""2026-04-04"", ""start"": ""2026-03-20""}, ""shareOrderPercent"": 0.4, ""timeToReady"": {""days"": 2, ""hours"": 6, ""mins"": 0}, ""wbClub"": {""avgOrderCountPerDay"": 0, ""avgPrice"": 0, ""buyoutCount"": 0, ""buyoutPercent"": 0, ""buyoutSum"": 0, ""cancelCount"": 0, ""cancelSum"": 0, ""orderCount"": 0, ""orderSum"": 0}}}}"
sales_funnel_products;2026-03-20;2026-04-04;463481024;Костюм-двойка жакет и брюки с кантом для офиса;1219;13;1;11678.0;0;0.0;"{""product"": {""brandName"": ""Uni ty"", ""feedbackRating"": 4.9, ""nmId"": 463481024, ""productRating"": 10, ""stocks"": {""balanceSum"": 82368, ""mp"": 0, ""wb"": 7}, ""subjectId"": 177, ""subjectName"": ""Костюмы"", ""tags"": [], ""title"": ""Костюм-двойка жакет и брюки с кантом для офиса"", ""vendorCode"": ""Ю 1074 синий""}, ""statistic"": {""comparison"": {""addToWishlistDynamic"": -50, ""avgOrdersCountPerDayDynamic"": -50, ""avgPriceDynamic"": 17, ""buyoutCountDynamic"": -100, ""buyoutSumDynamic"": -100, ""cancelCountDynamic"": -100, ""cancelSumDynamic"": -100, ""cartCountDynamic"": -59, ""conversions"": {""addToCartPercent"": 0, ""buyoutPercent"": -100, ""cartToOrderPercent"": -11}, ""localizationPercentDynamic"": -100, ""openCountDynamic"": -60, ""orderCountDynamic"": -67, ""orderSumDynamic"": -61, ""shareOrderPercentDynamic"": -20, ""timeToReadyDynamic"": {""days"": -1, ""hours"": -3, ""mins"": 0}, ""wbClubDynamic"": {""avgOrderCountPerDay"": 0, ""avgPrice"": 0, ""buyoutCount"": 0, ""buyoutPercent"": 0, ""buyoutSum"": 0, ""cancelCount"": 0, ""cancelSum"": 0, ""orderCount"": 0, ""orderSum"": 0}}, ""past"": {""addToWishlist"": 24, ""avgOrdersCountPerDay"": 0.2, ""avgPrice"": 9962, ""buyoutCount"": 1, ""buyoutSum"": 9877, ""cancelCount"": 2, ""cancelSum"": 20007, ""cartCount"": 32, ""conversions"": {""addToCartPercent"": 1, ""buyoutPercent"": 33, ""cartToOrderPercent"": 9}, ""localizationPercent"": 67, ""openCount"": 3019, ""orderCount"": 3, ""orderSum"": 29885, ""period"": {""end"": ""2026-03-19"", ""start"": ""2026-03-04""}, ""shareOrderPercent"": 0.5, ""timeToReady"": {""days"": 1, ""hours"": 3, ""mins"": 0}, ""wbClub"": {""avgOrderCountPerDay"": 0, ""avgPrice"": 0, ""buyoutCount"": 0, ""buyoutPercent"": 0, ""buyoutSum"": 0, ""cancelCount"": 0, ""cancelSum"": 0, ""orderCount"": 0, ""orderSum"": 0}}, ""selected"": {""addToWishlist"": 12, ""avgOrdersCountPerDay"": 0.1, ""avgPrice"": 11678, ""buyoutCount"": 0, ""buyoutSum"": 0, ""cancelCount"": 0, ""cancelSum"": 0, ""cartCount"": 13, ""conversions"": {""addToCartPercent"": 1, ""buyoutPercent"": 0, ""cartToOrderPercent"": 8}, ""localizationPercent"": 0, ""openCount"": 1219, ""orderCount"": 1, ""orderSum"": 11678, ""period"": {""end"": ""2026-04-04"", ""start"": ""2026-03-20""}, ""shareOrderPercent"": 0.4, ""timeToReady"": {""days"": 0, ""hours"": 0, ""mins"": 0}, ""wbClub"": {""avgOrderCountPerDay"": 0, ""avgPrice"": 0, ""buyoutCount"": 0, ""buyoutPercent"": 0, ""buyoutSum"": 0, ""cancelCount"": 0, ""cancelSum"": 0, ""orderCount"": 0, ""orderSum"": 0}}}}"
sales_funnel_products;2026-03-20;2026-04-04;832784012;Костюм двойка жакет и брюки для офиса;1101;28;6;70023.0;1;11722.0;"{""product"": {""brandName"": ""Uni ty"", ""feedbackRating"": 4, ""nmId"": 832784012, ""productRating"": 8, ""stocks"": {""balanceSum"": 324896, ""mp"": 0, ""wb"": 28}, ""subjectId"": 177, ""subjectName"": ""Костюмы"", ""tags"": [], ""title"": ""Костюм двойка жакет и брюки для офиса"", ""vendorCode"": ""Ю 1178 красный""}, ""statistic"": {""comparison"": {""addToWishlistDynamic"": 71, ""avgOrdersCountPerDayDynamic"": 300, ""avgPriceDynamic"": 4, ""buyoutCountDynamic"": 100, ""buyoutSumDynamic"": 100, ""cancelCountDynamic"": 50, ""cancelSumDynamic"": 55, ""cartCountDynamic"": 133, ""conversions"": {""addToCartPercent"": 50, ""buyoutPercent"": 100, ""cartToOrderPercent"": 24}, ""localizationPercentDynamic"": 100, ""openCountDynamic"": 111, ""orderCountDynamic"": 200, ""orderSumDynamic"": 211, ""shareOrderPercentDynamic"": 700, ""timeToReadyDynamic"": {""days"": -3, ""hours"": -4, ""mins"": 0}, ""wbClubDynamic"": {""avgOrderCountPerDay"": 0, ""avgPrice"": 0, ""buyoutCount"": 0, ""buyoutPercent"": 0, ""buyoutSum"": 0, ""cancelCount"": 0, ""cancelSum"": 0, ""orderCount"": 0, ""orderSum"": 0}}, ""past"": {""addToWishlist"": 7, ""avgOrdersCountPerDay"": 0.1, ""avgPrice"": 11253, ""buyoutCount"": 0, ""buyoutSum"": 0, ""cancelCount"": 2, ""cancelSum"": 22506, ""cartCount"": 12, ""conversions"": {""addToCartPercent"": 2, ""buyoutPercent"": 0, ""cartToOrderPercent"": 17}, ""localizationPercent"": 0, ""openCount"": 523, ""orderCount"": 2, ""orderSum"": 22506, ""period"": {""end"": ""2026-03-19"", ""start"": ""2026-03-04""}, ""shareOrderPercent"": 0.3, ""timeToReady"": {""days"": 4, ""hours"": 17, ""mins"": 0}, ""wbClub"": {""avgOrderCountPerDay"": 0, ""avgPrice"": 0, ""buyoutCount"": 0, ""buyoutPercent"": 0, ""buyoutSum"": 0, ""cancelCount"": 0, ""cancelSum"": 0, ""orderCount"": 0, ""orderSum"": 0}}, ""selected"": {""addToWishlist"": 12, ""avgOrdersCountPerDay"": 0.4, ""avgPrice"": 11670, ""buyoutCount"": 1, ""buyoutSum"": 11722, ""cancelCount"": 3, ""cancelSum"": 34990, ""cartCount"": 28, ""conversions"": {""addToCartPercent"": 3, ""buyoutPercent"": 25, ""cartToOrderPercent"": 21}, ""localizationPercent"": 50, ""openCount"": 1101, ""orderCount"": 6, ""orderSum"": 70023, ""period"": {""end"": ""2026-04-04"", ""start"": ""2026-03-20""}, ""shareOrderPercent"": 2.4, ""timeToReady"": {""days"": 1, ""hours"": 13, ""mins"": 0}, ""wbClub"": {""avgOrderCountPerDay"": 0, ""avgPrice"": 0, ""buyoutCount"": 0, ""buyoutPercent"": 0, ""buyoutSum"": 0, ""cancelCount"": 0, ""cancelSum"": 0, ""orderCount"": 0, ""orderSum"": 0}}}}"
sales_funnel_products;2026-03-20;2026-04-04;463481037;Костюм-двойка жакет и брюки с кантом для офиса;1066;17;4;47888.0;0;0.0;"{""product"": {""brandName"": ""Uni ty"", ""feedbackRating"": 4.5, ""nmId"": 463481037, ""productRating"": 10, ""stocks"": {""balanceSum"": 498948, ""mp"": 0, ""wb"": 43}, ""subjectId"": 177, ""subjectName"": ""Костюмы"", ""tags"": [], ""title"": ""Костюм-двойка жакет и брюки с кантом для офиса"", ""vendorCode"": ""Ю 1074 бордовый""}, ""statistic"": {""comparison"": {""addToWishlistDynamic"": 25, ""avgOrdersCountPerDayDynamic"": 100, ""avgPriceDynamic"": 100, ""buyoutCountDynamic"": 0, ""buyoutSumDynamic"": 0, ""cancelCountDynamic"": 100, ""cancelSumDynamic"": 100, ""cartCountDynamic"": -11, ""conversions"": {""addToCartPercent"": 100, ""buyoutPercent"": 0, ""cartToOrderPercent"": 100}, ""localizationPercentDynamic"": 100, ""openCountDynamic"": -29, ""orderCountDynamic"": 100, ""orderSumDynamic"": 100, ""shareOrderPercentDynamic"": 100, ""timeToReadyDynamic"": {""days"": 1, ""hours"": 10, ""mins"": 0}, ""wbClubDynamic"": {""avgOrderCountPerDay"": 0, ""avgPrice"": 0, ""buyoutCount"": 0, ""buyoutPercent"": 0, ""buyoutSum"": 0, ""cancelCount"": 0, ""cancelSum"": 0, ""orderCount"": 0, ""orderSum"": 0}}, ""past"": {""addToWishlist"": 4, ""avgOrdersCountPerDay"": 0, ""avgPrice"": 0, ""buyoutCount"": 0, ""buyoutSum"": 0, ""cancelCount"": 0, ""cancelSum"": 0, ""cartCount"": 19, ""conversions"": {""addToCartPercent"": 1, ""buyoutPercent"": 0, ""cartToOrderPercent"": 0}, ""localizationPercent"": 0, ""openCount"": 1503, ""orderCount"": 0, ""orderSum"": 0, ""period"": {""end"": ""2026-03-19"", ""start"": ""2026-03-04""}, ""shareOrderPercent"": 0, ""timeToReady"": {""days"": 0, ""hours"": 0, ""mins"": 0}, ""wbClub"": {""avgOrderCountPerDay"": 0, ""avgPrice"": 0, ""buyoutCount"": 0, ""buyoutPercent"": 0, ""buyoutSum"": 0, ""cancelCount"": 0, ""cancelSum"": 0, ""orderCount"": 0, ""orderSum"": 0}}, ""selected"": {""addToWishlist"": 5, ""avgOrdersCountPerDay"": 0.3, ""avgPrice"": 11972, ""buyoutCount"": 0, ""buyoutSum"": 0, ""cancelCount"": 3, ""cancelSum"": 36048, ""cartCount"": 17, ""conversions"": {""addToCartPercent"": 2, ""buyoutPercent"": 0, ""cartToOrderPercent"": 24}, ""localizationPercent"": 50, ""openCount"": 1066, ""orderCount"": 4, ""orderSum"": 47888, ""period"": {""end"": ""2026-04-04"", ""start"": ""2026-03-20""}, ""shareOrderPercent"": 1.6, ""timeToReady"": {""days"": 1, ""hours"": 10, ""mins"": 0}, ""wbClub"": {""avgOrderCountPerDay"": 0, ""avgPrice"": 0, ""buyoutCount"": 0, ""buyoutPercent"": 0, ""buyoutSum"": 0, ""cancelCount"": 0, ""cancelSum"": 0, ""orderCount"": 0, ""orderSum"": 0}}}}"
sales_funnel_products;2026-03-20;2026-04-04;464791224;Костюм брючный классический;1028;23;1;11861.0;0;0.0;"{""product"": {""brandName"": ""Uni ty"", ""feedbackRating"": 3.7, ""nmId"": 464791224, ""productRating"": 10, ""stocks"": {""balanceSum"": 811913, ""mp"": 0, ""wb"": 69}, ""subjectId"": 177, ""subjectName"": ""Костюмы"", ""tags"": [], ""title"": ""Костюм брючный классический"", ""vendorCode"": ""СС 1113 черный""}, ""statistic"": {""comparison"": {""addToWishlistDynamic"": -46, ""avgOrdersCountPerDayDynamic"": 0, ""avgPriceDynamic"": 19, ""buyoutCountDynamic"": 0, ""buyoutSumDynamic"": 0, ""cancelCountDynamic"": 0, ""cancelSumDynamic"": 18, ""cartCountDynamic"": -12, ""conversions"": {""addToCartPercent"": 0, ""buyoutPercent"": 0, ""cartToOrderPercent"": -50}, ""localizationPercentDynamic"": 100, ""openCountDynamic"": -39, ""orderCountDynamic"": -50, ""orderSumDynamic"": -40, ""shareOrderPercentDynamic"": 33, ""timeToReadyDynamic"": {""days"": 0, ""hours"": -20, ""mins"": 0}, ""wbClubDynamic"": {""avgOrderCountPerDay"": 0, ""avgPrice"": 0, ""buyoutCount"": 0, ""buyoutPercent"": 0, ""buyoutSum"": 0, ""cancelCount"": 0, ""cancelSum"": 0, ""orderCount"": 0, ""orderSum"": 0}}, ""past"": {""addToWishlist"": 13, ""avgOrdersCountPerDay"": 0.1, ""avgPrice"": 9963, ""buyoutCount"": 0, ""buyoutSum"": 0, ""cancelCount"": 1, ""cancelSum"": 10049, ""cartCount"": 26, ""conversions"": {""addToCartPercent"": 2, ""buyoutPercent"": 0, ""cartToOrderPercent"": 8}, ""localizationPercent"": 0, ""openCount"": 1672, ""orderCount"": 2, ""orderSum"": 19926, ""period"": {""end"": ""2026-03-19"", ""start"": ""2026-03-04""}, ""shareOrderPercent"": 0.3, ""timeToReady"": {""days"": 1, ""hours"": 18, ""mins"": 0}, ""wbClub"": {""avgOrderCountPerDay"": 0, ""avgPrice"": 0, ""buyoutCount"": 0, ""buyoutPercent"": 0, ""buyoutSum"": 0, ""cancelCount"": 0, ""cancelSum"": 0, ""orderCount"": 0, ""orderSum"": 0}}, ""selected"": {""addToWishlist"": 7, ""avgOrdersCountPerDay"": 0.1, ""avgPrice"": 11861, ""buyoutCount"": 0, ""buyoutSum"": 0, ""cancelCount"": 1, ""cancelSum"": 11861, ""cartCount"": 23, ""conversions"": {""addToCartPercent"": 2, ""buyoutPercent"": 0, ""cartToOrderPercent"": 4}, ""localizationPercent"": 100, ""openCount"": 1028, ""orderCount"": 1, ""orderSum"": 11861, ""period"": {""end"": ""2026-04-04"", ""start"": ""2026-03-20""}, ""shareOrderPercent"": 0.4, ""timeToReady"": {""days"": 0, ""hours"": 22, ""mins"": 0}, ""wbClub"": {""avgOrderCountPerDay"": 0, ""avgPrice"": 0, ""buyoutCount"": 0, ""buyoutPercent"": 0, ""buyoutSum"": 0, ""cancelCount"": 0, ""cancelSum"": 0, ""orderCount"": 0, ""orderSum"": 0}}}}"
sales_funnel_products;2026-03-20;2026-04-04;609637964;Костюм-двойка удлиненный жакет и юбка мини для офиса;1022;33;5;60580.0;0;0.0;"{""product"": {""brandName"": ""Avemod"", ""feedbackRating"": 3, ""nmId"": 609637964, ""productRating"": 8, ""stocks"": {""balanceSum"": 2165102, ""mp"": 0, ""wb"": 184}, ""subjectId"": 177, ""subjectName"": ""Костюмы"", ""tags"": [], ""title"": ""Костюм-двойка удлиненный жакет и юбка мини для офиса"", ""vendorCode"": ""Ю 1128 черный""}, ""statistic"": {""comparison"": {""addToWishlistDynamic"": -65, ""avgOrdersCountPerDayDynamic"": -63, ""avgPriceDynamic"": 15, ""buyoutCountDynamic"": -100, ""buyoutSumDynamic"": -100, ""cancelCountDynamic"": -82, ""cancelSumDynamic"": -79, ""cartCountDynamic"": -63, ""conversions"": {""addToCartPercent"": 50, ""buyoutPercent"": -100, ""cartToOrderPercent"": 15}, ""localizationPercentDynamic"": 3, ""openCountDynamic"": -73, ""orderCountDynamic"": -58, ""orderSumDynamic"": -52, ""shareOrderPercentDynamic"": 0, ""timeToReadyDynamic"": {""days"": 0, ""hours"": 2, ""mins"": 0}, ""wbClubDynamic"": {""avgOrderCountPerDay"": 0, ""avgPrice"": 0, ""buyoutCount"": 0, ""buyoutPercent"": 0, ""buyoutSum"": 0, ""cancelCount"": 0, ""cancelSum"": 0, ""orderCount"": 0, ""orderSum"": 0}}, ""past"": {""addToWishlist"": 48, ""avgOrdersCountPerDay"": 0.8, ""avgPrice"": 10546, ""buyoutCount"": 1, ""buyoutSum"": 9877, ""cancelCount"": 11, ""cancelSum"": 116673, ""cartCount"": 90, ""conversions"": {""addToCartPercent"": 2, ""buyoutPercent"": 8, ""cartToOrderPercent"": 13}, ""localizationPercent"": 58, ""openCount"": 3772, ""orderCount"": 12, ""orderSum"": 126550, ""period"": {""end"": ""2026-03-19"", ""start"": ""2026-03-04""}, ""shareOrderPercent"": 2, ""timeToReady"": {""days"": 1, ""hours"": 16, ""mins"": 0}, ""wbClub"": {""avgOrderCountPerDay"": 0, ""avgPrice"": 0, ""buyoutCount"": 0, ""buyoutPercent"": 0, ""buyoutSum"": 0, ""cancelCount"": 0, ""cancelSum"": 0, ""orderCount"": 0, ""orderSum"": 0}}, ""selected"": {""addToWishlist"": 17, ""avgOrdersCountPerDay"": 0.3, ""avgPrice"": 12116, ""buyoutCount"": 0, ""buyoutSum"": 0, ""cancelCount"": 2, ""cancelSum"": 24114, ""cartCount"": 33, ""conversions"": {""addToCartPercent"": 3, ""buyoutPercent"": 0, ""cartToOrderPercent"": 15}, ""localizationPercent"": 60, ""openCount"": 1022, ""orderCount"": 5, ""orderSum"": 60580, ""period"": {""end"": ""2026-04-04"", ""start"": ""2026-03-20""}, ""shareOrderPercent"": 2, ""timeToReady"": {""days"": 1, ""hours"": 18, ""mins"": 0}, ""wbClub"": {""avgOrderCountPerDay"": 0, ""avgPrice"": 0, ""buyoutCount"": 0, ""buyoutPercent"": 0, ""buyoutSum"": 0, ""cancelCount"": 0, ""cancelSum"": 0, ""orderCount"": 0, ""orderSum"": 0}}}}"
sales_funnel_products;2026-03-20;2026-04-04;463481027;Костюм трикотажный с юбкой и свитшотом;961;9;1;11672.0;1;11672.0;"{""product"": {""brandName"": ""Uni ty"", ""feedbackRating"": 5, ""nmId"": 463481027, ""productRating"": 10, ""stocks"": {""balanceSum"": 1094318, ""mp"": 0, ""wb"": 93}, ""subjectId"": 177, ""subjectName"": ""Костюмы"", ""tags"": [], ""title"": ""Костюм трикотажный с юбкой и свитшотом"", ""vendorCode"": ""Ю 1031 черный""}, ""statistic"": {""comparison"": {""addToWishlistDynamic"": -67, ""avgOrdersCountPerDayDynamic"": 100, ""avgPriceDynamic"": 100, ""buyoutCountDynamic"": 100, ""buyoutSumDynamic"": 100, ""cancelCountDynamic"": 0, ""cancelSumDynamic"": 0, ""cartCountDynamic"": -25, ""conversions"": {""addToCartPercent"": 0, ""buyoutPercent"": 100, ""cartToOrderPercent"": 100}, ""localizationPercentDynamic"": 100, ""openCountDynamic"": -54, ""orderCountDynamic"": 100, ""orderSumDynamic"": 100, ""shareOrderPercentDynamic"": 100, ""timeToReadyDynamic"": {""days"": 1, ""hours"": 2, ""mins"": 0}, ""wbClubDynamic"": {""avgOrderCountPerDay"": 0, ""avgPrice"": 0, ""buyoutCount"": 0, ""buyoutPercent"": 0, ""buyoutSum"": 0, ""cancelCount"": 0, ""cancelSum"": 0, ""orderCount"": 0, ""orderSum"": 0}}, ""past"": {""addToWishlist"": 6, ""avgOrdersCountPerDay"": 0, ""avgPrice"": 0, ""buyoutCount"": 0, ""buyoutSum"": 0, ""cancelCount"": 0, ""cancelSum"": 0, ""cartCount"": 12, ""conversions"": {""addToCartPercent"": 1, ""buyoutPercent"": 0, ""cartToOrderPercent"": 0}, ""localizationPercent"": 0, ""openCount"": 2072, ""orderCount"": 0, ""orderSum"": 0, ""period"": {""end"": ""2026-03-19"", ""start"": ""2026-03-04""}, ""shareOrderPercent"": 0, ""timeToReady"": {""days"": 0, ""hours"": 0, ""mins"": 0}, ""wbClub"": {""avgOrderCountPerDay"": 0, ""avgPrice"": 0, ""buyoutCount"": 0, ""buyoutPercent"": 0, ""buyoutSum"": 0, ""cancelCount"": 0, ""cancelSum"": 0, ""orderCount"": 0, ""orderSum"": 0}}, ""selected"": {""addToWishlist"": 2, ""avgOrdersCountPerDay"": 0.1, ""avgPrice"": 11672, ""buyoutCount"": 1, ""buyoutSum"": 11672, ""cancelCount"": 0, ""cancelSum"": 0, ""cartCount"": 9, ""conversions"": {""addToCartPercent"": 1, ""buyoutPercent"": 100, ""cartToOrderPercent"": 11}, ""localizationPercent"": 100, ""openCount"": 961, ""orderCount"": 1, ""orderSum"": 11672, ""period"": {""end"": ""2026-04-04"", ""start"": ""2026-03-20""}, ""shareOrderPercent"": 0.4, ""timeToReady"": {""days"": 1, ""hours"": 2, ""mins"": 0}, ""wbClub"": {""avgOrderCountPerDay"": 0, ""avgPrice"": 0, ""buyoutCount"": 0, ""buyoutPercent"": 0, ""buyoutSum"": 0, ""cancelCount"": 0, ""cancelSum"": 0, ""orderCount"": 0, ""orderSum"": 0}}}}"
sales_funnel_products;2026-03-20;2026-04-04;463481033;Костюм-двойка жакет и юбка макси для офиса;765;16;1;12204.0;0;0.0;"{""product"": {""brandName"": ""Uni ty"", ""feedbackRating"": 4.6, ""nmId"": 463481033, ""productRating"": 10, ""stocks"": {""balanceSum"": 193499, ""mp"": 0, ""wb"": 16}, ""subjectId"": 177, ""subjectName"": ""Костюмы"", ""tags"": [], ""title"": ""Костюм-двойка жакет и юбка макси для офиса"", ""vendorCode"": ""Ю 1142 морская-волна""}, ""statistic"": {""comparison"": {""addToWishlistDynamic"": 38, ""avgOrdersCountPerDayDynamic"": 0, ""avgPriceDynamic"": -15, ""buyoutCountDynamic"": 0, ""buyoutSumDynamic"": 0, ""cancelCountDynamic"": 0, ""cancelSumDynamic"": -15, ""cartCountDynamic"": 23, ""conversions"": {""addToCartPercent"": 100, ""buyoutPercent"": 0, ""cartToOrderPercent"": -25}, ""localizationPercentDynamic"": 0, ""openCountDynamic"": -45, ""orderCountDynamic"": 0, ""orderSumDynamic"": -15, ""shareOrderPercentDynamic"": 100, ""timeToReadyDynamic"": {""days"": 0, ""hours"": 3, ""mins"": 0}, ""wbClubDynamic"": {""avgOrderCountPerDay"": 0, ""avgPrice"": 0, ""buyoutCount"": 0, ""buyoutPercent"": 0, ""buyoutSum"": 0, ""cancelCount"": 0, ""cancelSum"": 0, ""orderCount"": 0, ""orderSum"": 0}}, ""past"": {""addToWishlist"": 8, ""avgOrdersCountPerDay"": 0.1, ""avgPrice"": 14293, ""buyoutCount"": 0, ""buyoutSum"": 0, ""cancelCount"": 1, ""cancelSum"": 14293, ""cartCount"": 13, ""conversions"": {""addToCartPercent"": 1, ""buyoutPercent"": 0, ""cartToOrderPercent"": 8}, ""localizationPercent"": 100, ""openCount"": 1398, ""orderCount"": 1, ""orderSum"": 14293, ""period"": {""end"": ""2026-03-19"", ""start"": ""2026-03-04""}, ""shareOrderPercent"": 0.2, ""timeToReady"": {""days"": 0, ""hours"": 22, ""mins"": 0}, ""wbClub"": {""avgOrderCountPerDay"": 0, ""avgPrice"": 0, ""buyoutCount"": 0, ""buyoutPercent"": 0, ""buyoutSum"": 0, ""cancelCount"": 0, ""cancelSum"": 0, ""orderCount"": 0, ""orderSum"": 0}}, ""selected"": {""addToWishlist"": 11, ""avgOrdersCountPerDay"": 0.1, ""avgPrice"": 12204, ""buyoutCount"": 0, ""buyoutSum"": 0, ""cancelCount"": 1, ""cancelSum"": 12204, ""cartCount"": 16, ""conversions"": {""addToCartPercent"": 2, ""buyoutPercent"": 0, ""cartToOrderPercent"": 6}, ""localizationPercent"": 100, ""openCount"": 765, ""orderCount"": 1, ""orderSum"": 12204, ""period"": {""end"": ""2026-04-04"", ""start"": ""2026-03-20""}, ""shareOrderPercent"": 0.4, ""timeToReady"": {""days"": 1, ""hours"": 1, ""mins"": 0}, ""wbClub"": {""avgOrderCountPerDay"": 0, ""avgPrice"": 0, ""buyoutCount"": 0, ""buyoutPercent"": 0, ""buyoutSum"": 0, ""cancelCount"": 0, ""cancelSum"": 0, ""orderCount"": 0, ""orderSum"": 0}}}}"
sales_funnel_products;2026-03-20;2026-04-04;789539256;Костюм-двойка блузка с бантом и брюки для офиса;749;6;2;23956.0;0;0.0;"{""product"": {""brandName"": ""Uni ty"", ""feedbackRating"": 0, ""nmId"": 789539256, ""productRating"": 10, ""stocks"": {""balanceSum"": 211803, ""mp"": 0, ""wb"": 18}, ""subjectId"": 177, ""subjectName"": ""Костюмы"", ""tags"": [], ""title"": ""Костюм-двойка блузка с бантом и брюки для офиса"", ""vendorCode"": ""Ю 1160 черный""}, ""statistic"": {""comparison"": {""addToWishlistDynamic"": -83, ""avgOrdersCountPerDayDynamic"": -67, ""avgPriceDynamic"": -8, ""buyoutCountDynamic"": 0, ""buyoutSumDynamic"": 0, ""cancelCountDynamic"": -60, ""cancelSumDynamic"": -63, ""cartCountDynamic"": -68, ""conversions"": {""addToCartPercent"": 0, ""buyoutPercent"": 0, ""cartToOrderPercent"": 27}, ""localizationPercentDynamic"": -100, ""openCountDynamic"": -74, ""orderCountDynamic"": -60, ""orderSumDynamic"": -63, ""shareOrderPercentDynamic"": -20, ""timeToReadyDynamic"": {""days"": 1, ""hours"": 13, ""mins"": 0}, ""wbClubDynamic"": {""avgOrderCountPerDay"": 0, ""avgPrice"": 0, ""buyoutCount"": 0, ""buyoutPercent"": 0, ""buyoutSum"": 0, ""cancelCount"": 0, ""cancelSum"": 0, ""orderCount"": 0, ""orderSum"": 0}}, ""past"": {""addToWishlist"": 6, ""avgOrdersCountPerDay"": 0.3, ""avgPrice"": 12961, ""buyoutCount"": 0, ""buyoutSum"": 0, ""cancelCount"": 5, ""cancelSum"": 64807, ""cartCount"": 19, ""conversions"": {""addToCartPercent"": 1, ""buyoutPercent"": 0, ""cartToOrderPercent"": 26}, ""localizationPercent"": 20, ""openCount"": 2933, ""orderCount"": 5, ""orderSum"": 64807, ""period"": {""end"": ""2026-03-19"", ""start"": ""2026-03-04""}, ""shareOrderPercent"": 1, ""timeToReady"": {""days"": 1, ""hours"": 23, ""mins"": 0}, ""wbClub"": {""avgOrderCountPerDay"": 0, ""avgPrice"": 0, ""buyoutCount"": 0, ""buyoutPercent"": 0, ""buyoutSum"": 0, ""cancelCount"": 0, ""cancelSum"": 0, ""orderCount"": 0, ""orderSum"": 0}}, ""selected"": {""addToWishlist"": 1, ""avgOrdersCountPerDay"": 0.1, ""avgPrice"": 11978, ""buyoutCount"": 0, ""buyoutSum"": 0, ""cancelCount"": 2, ""cancelSum"": 23956, ""cartCount"": 6, ""conversions"": {""addToCartPercent"": 1, ""buyoutPercent"": 0, ""cartToOrderPercent"": 33}, ""localizationPercent"": 0, ""openCount"": 749, ""orderCount"": 2, ""orderSum"": 23956, ""period"": {""end"": ""2026-04-04"", ""start"": ""2026-03-20""}, ""shareOrderPercent"": 0.8, ""timeToReady"": {""days"": 3, ""hours"": 12, ""mins"": 0}, ""wbClub"": {""avgOrderCountPerDay"": 0, ""avgPrice"": 0, ""buyoutCount"": 0, ""buyoutPercent"": 0, ""buyoutSum"": 0, ""cancelCount"": 0, ""cancelSum"": 0, ""orderCount"": 0, ""orderSum"": 0}}}}"
